subReddit,Title,Content,Top Comment,upvotes,Number of comments,date,uniquePostID
politics,Megathread: House Votes to Impeach President Donald J. Trump,"The United States House of Representatives has passed two articles of impeachment against President Donald Trump. Article 1, Abuse of Power, was adopted with a vote of 230 to 197 with one member voting present. Article 2, Obstruction of Congress, was adopted with a vote of 229 to 198, with one member again voting present. 
---

##Submissions that may interest you

SUBMISSION | DOMAIN
---|----
[House Votes To Impeach Trump Without Gabbard's Support](https://www.civilbeat.org/2019/12/house-votes-to-impeach-trump-without-gabbards-support/) | civilbeat.org
[Majority of House votes to Impeach Trump for Abuse of Power](https://www.reuters.com/article/us-usa-trump-impeachment-continues/majority-of-house-votes-to-impeach-trump-for-abuse-of-power-idUSKBN1YN044) | reuters.com
[US lawmakers vote to impeach President Donald Trump](https://www.dw.com/en/us-lawmakers-vote-to-impeach-president-donald-trump/a-51729761) | dw.com
[Majority of house votes to impeach Trump](https://www.cnbc.com/2019/12/18/trump-impeached-by-house-for-high-crimes-and-misdemeanors.html) | cnbc.com
[The third time in history, the majority of the US House votes to impeach a president](https://www.cnn.com/specials/live-video-1) | cnn.com
[Majority of House votes to impeach President Trump](https://www.cnn.com/politics/live-news/impeachment-inquiry-12-18-2019/h_20e96374fdd4c1895fc4cba895b07697) | cnn.com
[House Votes to Impeach Trump for Abuse of Power](https://www.nytimes.com/2019/12/18/us/politics/impeachment-vote.html) | nytimes.com
[House votes to impeach President Trump for obstruction of Congress and abuse of power](https://www.washingtonexaminer.com/news/house-votes-to-impeach-president-trump-for-obstruction-of-congress-and-abuse-of-power) | washingtonexaminer.com
[Majority of House votes to impeach Trump; vote still ongoing](https://www.arkansasonline.com/news/2019/dec/18/trump-brink-impeachment-house-readies-historic-vot/) | arkansasonline.com
[Trump is impeached following vote in House of Representatives](https://www.theguardian.com/us-news/live/2019/dec/18/trump-impeachment-vote-today-live-latest-news-updates-democrats-house) | theguardian.com
[Trump impeached after Congress passes historic vote](https://www.independent.co.uk/news/world/americas/us-politics/trump-impeachment-news-vote-hearing-congress-house-today-a9252721.html) | independent.co.uk
[Trump has been impeached](https://www.businessinsider.com/trump-impeached-house-of-representatives-congress-2019-12) | businessinsider.com
[House impeaches Trump for abuse of power](https://thehill.com/homenews/house/475217-house-impeaches-trump-for-abuse-of-power) | thehill.com
[House Votes To Impeach Trump Without Gabbard's Support](https://www.usatoday.com/story/opinion/2019/12/18/donald-trump-impeached-most-blatant-abuse-power-us-history-column/2685977001/) | usatoday.com
[President Trump Impeached By The House In Historic Rebuke](https://www.npr.org/2019/12/18/789020525/president-trump-impeached-by-the-house-in-historic-rebuke?utm_term=nprnews&utm_campaign=politics&utm_medium=social&utm_source=facebook.com&fbclid=IwAR2tD25Fe41PzJDu1ohpEPAAepiIgJPdZlUwG9Jb7Y7mc7DxIvysm-sufbU) | npr.org
[House passes second article of impeachment on obstruction of Congress](https://www.nbcnews.com/politics/trump-impeachment-inquiry/live-blog/live-updates-house-votes-impeachment-president-trump-n1103576/ncrd1104586#liveBlogHeader) | nbcnews.com
[2020 Democratic presidential candidate Tulsi Gabbard votes 'present' on impeachment](https://theweek.com/speedreads/885226/2020-democratic-presidential-candidate-tulsi-gabbard-votes-present-impeachment) | theweek.com
[Impeaching President Donald Trump, in pictures](https://www.nbcnews.com/politics/trump-impeachment-inquiry/impeaching-president-donald-trump-pictures-n1103816) | nbcnews.com
[Tulsi Gabbard Votes â€˜Presentâ€™ on Impeachment Articles](https://www.nytimes.com/2019/12/18/us/tulsi-gabbard-present-vote.html?searchResultPosition=2) | nytimes.com
[Itâ€™s Official: Donald Trump Just Got Impeached](https://www.vice.com/en_us/article/wxeqp4/its-official-donald-trump-just-got-impeached) | vice.com
[The Republicansâ€™ Abject Submission to Trump at the House Impeachment Vote ](https://www.newyorker.com/news/our-columnists/the-republicans-abject-submission-to-trump-at-the-house-impeachment-vote) | newyorker.com
[After much speculation as to whether she was even going to participate in the vote, congresswoman Tulsi Gabbard, who is seeking the Democratic presidential nomination, has voted â€œpresentâ€ on the first article of impeachment.](https://www.theguardian.com/us-news/live/2019/dec/18/trump-impeachment-vote-today-live-latest-news-updates-democrats-house?CMP=share_btn_tw&page=with:block-5dfad27e8f085eda5c10a5dd#block-5dfad27e8f085eda5c10a5dd) | theguardian.com
[Trump impeached by the House for abuse of power](https://www.nbcnews.com/politics/trump-impeachment-inquiry/trump-impeached-house-abuse-power-n1104196) | nbcnews.com
[President Trump Impeached By The House In Historic Rebuke](https://www.npr.org/2019/12/18/789020525/president-trump-impeached-by-the-house-in-historic-rebuke) | npr.org
[House votes yes on impeachment article 1.](https://www.nytimes.com/2019/12/18/us/politics/trump-impeached.html?smid=fb-nytimes&smtyp=cur) | nytimes.com
[Trump impeached by US House on charge of abuse of power](https://www.miamiherald.com/news/politics-government/national-politics/article238492638.html?) | miamiherald.com
[In historic moment, U.S. House impeaches Donald Trump for abuse of power](https://www.reuters.com/article/us-usa-trump-impeachment/in-historic-moment-u-s-house-impeaches-donald-trump-for-abuse-of-power-idUSKBN1YM173?il=0) | reuters.com
[House begins vote on first article of impeachment](https://www.nbcnews.com/politics/trump-impeachment-inquiry/live-blog/live-updates-house-votes-impeachment-president-trump-n1103576/ncrd1104601#liveBlogHeader) | url
[President Trump has been impeached by the House of Representatives.](https://www.vox.com/policy-and-politics/2019/12/18/21026767/trump-impeached-impeachment-vote-results-update?utm_campaign=vox&utm_content=chorus&utm_medium=social&utm_source=twitter) | vox.com
[Trump, Impeached for Abuse of Power, Faces a Senate Trial](https://www.nytimes.com/2019/12/18/us/politics/trump-impeached.html) | nytimes.com
[House majority impeaches President Trump](https://www.latimes.com/politics/story/2019-12-18/house-on-track-to-impeach-trump) | latimes.com
[Trump is impeached and joins the â€˜losersâ€™ of presidential history](https://www.washingtonpost.com/opinions/2019/12/18/trump-makes-history/) | washingtonpost.com
[House votes to impeach President Trump:live updates](https://www.nytimes.com/2019/12/18/us/politics/impeachment-vote.amp.html) | nytimes.com
[House of Representatives Votes to Impeach President Donald Trump](https://lawandcrime.com/impeachment/house-of-representatives-votes-to-impeach-president-donald-trump/) | lawandcrime.com
[In historic moment, U.S. House impeaches Donald Trump for abuse of power](https://www.japantimes.co.jp/news/2019/12/19/world/crime-legal-world/house-nears-nighttime-impeachment-vote-trump-cries-foul/) | japantimes.co.jp
[Trump is impeached by the House, creating an indelible mark on his presidency](https://www.washingtonpost.com/politics/trump-is-impeached-by-the-house-creating-an-indelible-mark-on-his-presidency/2019/12/18/501bcab2-2105-11ea-a153-dce4b94e4249_story.html) | washingtonpost.com
[Trump impeached by House on charges of abuse of power, obstruction](https://www.yorkdispatch.com/story/news/2019/12/18/house-votes-impeach-president-donald-trump/2693826001/) | yorkdispatch.com
[Donald Trump Impeached On Charges Of Abuse Of Power, Obstruction Of Congress](https://www.huffpost.com/entry/president-donald-trump-impeached_n_5df97044e4b08083dc5b1802) | huffpost.com
[Rep. Tulsi Gabbard voted ""present"" on the first article of impeachment](https://www.cnn.com/politics/live-news/impeachment-inquiry-12-18-2019/h_bc33c56e2bbc6675ba4ba1bbe5d20854) | cnn.com
[House impeaches President Trump in historic vote, setting the stage for Senate trial](https://www.usatoday.com/story/news/politics/2019/12/18/trump-impeachment-live-coverage-house-vote-articles/2675243001/) | usatoday.com
[President Trump has been impeached](https://www.cnn.com/webview/politics/live-news/impeachment-inquiry-12-18-2019/index.html) | cnn.com
[Tulsi Gabbard Was The Only Member Of Congress To Vote ""Present"" For Donald Trump's Impeachment](https://www.buzzfeednews.com/amphtml/mattberman/tulsi-gabbard-impeach-trump-present) | buzzfeednews.com
[Why the Houseâ€™s impeachment of Trump was proper and necessary](https://www.washingtonpost.com/opinions/why-the-houses-impeachment-of-trump-was-proper-and-necessary/2019/12/18/6499132e-21b3-11ea-bed5-880264cc91a9_story.html) | washingtonpost.com
[The House impeaches Trump](https://www.thenation.com/article/impeachment-vote-third-president) | thenation.com
[House impeaches Donald Trump in historic vote, reshuffling U.S. politics on eve of 2020](https://www.usatoday.com/story/news/politics/2019/12/18/house-approves-articles-impeachment-trump-historic-vote/2679963001/) | usatoday.com
[Tulsi Gabbard votes 'present' on Trump impeachment articles](https://www.nbcnews.com/politics/trump-impeachment-inquiry/tulsi-gabbard-votes-present-trump-impeachment-articles-n1104301) | nbcnews.com
[House Majority Leader Steny Hoyer (D-MD) on Impeachment](https://www.youtube.com/watch?v=JMVlL3uPEuw) | youtube.com
[House Judiciary approves articles of impeachment, paving way for floor vote](https://www.politico.com/news/2019/12/13/house-judiciary-approves-articles-of-impeachment-paving-way-for-floor-vote-084362) | politico.com
[U.S. House votes to impeach Trump for obstruction of Congress](https://www.reuters.com/article/us-usa-trump-impeachment-obstruction/u-s-house-votes-to-impeach-trump-for-obstruction-of-congress-idUSKBN1YN05D?feedType=RSS&feedName=domesticNews) | reuters.com
[President Donald Trump impeached by US House on 2 charges](https://www.wral.com/trump-on-brink-of-impeachment-as-house-readies-historic-vote/18840093/) | wral.com
[Split-screen America: Alternate realities on display as House votes to impeach Trump](https://www.reuters.com/article/us-usa-trump-impeachment-divide/split-screen-america-alternate-realities-on-display-as-house-votes-to-impeach-trump-idUSKBN1YN0DW) | reuters.com
[U.S. House Votes to Impeach Trump for Abuse of Power](https://www.nytimes.com/reuters/2019/12/18/world/europe/18reuters-usa-trump-impeachment-abuse.html) | nytimes.com
[Trump Impeached for Abuse of Power and Obstruction of Congress](https://www.nytimes.com/2019/12/18/us/politics/trump-impeached.amp.html) | nytimes.com
['Absolutely Disgusting': Trump Suggests Late Congressman Is in Hell After His Widow Debbie Dingell Votes to Impeach](https://www.commondreams.org/news/2019/12/19/absolutely-disgusting-trump-suggests-late-congressman-hell-after-his-widow-debbie) | commondreams.org","How about that, he finally won the popular vote.",147735,269,2019-12-19 01:36:13,ecm1zg
politics,Jon Stewart Goes Off On Congress During 9/11 Hearing,,"This was from today. A quote:

> ""What an incredible metaphor this room is for the entire process that getting health care and benefits for 9/11 first responders has come to ... behind me, a filled room of 9/11 first responders and in front of me, a nearly empty Congress.

> ""Sick and dying, they brought themselves down here to speak to no one. Shameful. It's an embarrassment to the country, and it is a stain on this institution. And you should be ashamed of yourselves for those that aren't here, but you won't be. Because accountability doesn't appear to be something that occurs in this chamber.""",93523,79,2019-06-11 16:30:15,bzenag
politics,F.B.I. Opened Inquiry Into Whether Trump Was Secretly Working on Behalf of Russia,,"Helsinki. Attacking NATO. Changing a single plank in the RNC platform to not arm Ukraine. Trying to remove sanctions against Russia. Refusing to criticize Putin in the slightest. Repeating Kremlin propaganda, like ""Montenegro is a threat,"" or ""Poland is going to invade Belarus."" Pulling out of Syria. Ordering the meeting of a Kremlin agent in Trump Tower to get stolen emails. Lying about it every step of the way.

Yeah, Trump's a fucking traitor. ",87848,107,2019-01-12 01:21:08,af2foq
politics,McConnell blocks House bill to reopen government for second time,,"Everyone should remember that we have the power and the support to reopen the government without Trump's approval via veto-override, but because McConnell refuses to even allow anything to come to a vote in the Senate, we're continuing this bullshit charade. The Senate Republicans have the power to remove McConnell and install someone who will allow bills to the floor of the Senate for a vote, but they're not.

This is not a Trump shutdown anymore. This is a Republican party shutdown.",85242,72,2019-01-15 16:34:05,agabcf
politics,Megathread: President Trump Directed His Attorney To Lie To Congress About The Moscow Tower Project,"President Donald Trump directed his longtime attorney Michael Cohen to lie to Congress about negotiations to build a Trump Tower in Moscow, according to two federal law enforcement officials involved in an investigation of the matter.

Trump also supported a plan, set up by Cohen, to visit Russia during the presidential campaign, in order to personally meet President Vladimir Putin and jump-start the tower negotiations. â€œMake it happen,â€ the sources said Trump told Cohen.

---

##Submissions that may interest you

SUBMISSION | DOMAIN
---|----
[Trump Directed Cohen to Lie to Congress About Trump Tower in Moscow](https://www.thedailybeast.com/trump-directed-cohen-to-lie-to-congress-about-trump-tower-in-moscow-report) | thedailybeast.com
[Buzzfeed: Trump told Cohen to lie to Congress about Moscow tower](https://www.axios.com/trump-told-cohen-lie-congress-moscow-tower-fb2b1c98-9773-41c7-b350-56bcc30be972.html) | axios.com
[Trump directed Cohen to lie to Congress about plans to build Trump Tower in Moscow during 2016 campaign](https://thehill.com/homenews/administration/425967-trump-directed-cohen-to-lie-about-plans-to-build-trump-tower-in) | thehill.com
[President Trump Directed His Attorney To Lie To Congress About The Moscow Tower Project](https://www.buzzfeednews.com/amphtml/jasonleopold/rump-russia-cohen-moscow-tower-mueller-investigation?__twitter_impression=true) | buzzfeednews.com
[President Trump Directed His Attorney To Lie To Congress About The Moscow Tower Project](https://www.buzzfeednews.com/article/jasonleopold/trump-russia-cohen-moscow-tower-mueller-investigation?fbclid=IwAR2NDeIwdfpSEIBOhxUqXqHnXFMTtv50_LITNxHmavFiujRNhSyZpZOd0_o) | buzzfeednews.com
[President Trump Directed His Attorney To Lie To Congress About The Moscow Tower Project](https://www.buzzfeednews.com/amphtml/jasonleopold/trump-russia-cohen-moscow-tower-mueller-investigation?__twitter_impression=true) | buzzfeednews.com
[Trump Moscow: The Definitive Story Of How Trumpâ€™s Team Worked The Russian Deal During The Campaign](https://www.buzzfeednews.com/article/anthonycormier/trump-moscow-micheal-cohen-felix-sater-campaign?bftw=&utm_term=4ldqpfp#4ldqpfp) | buzzfeednews.com
[The Trump Organization Planned To Give Vladimir Putin The $50 Million Penthouse In Trump Tower Moscow](https://www.buzzfeednews.com/article/anthonycormier/the-trump-organization-planned-to-give-vladimir-putin-the?bftw=&utm_term=4ldqpfp#4ldqpfp) | buzzfeednews.com
[BuzzFeed: Sources say Trump directed Michael Cohen to lie to Congress about proposed Moscow project](https://www.cnn.com/2019/01/17/politics/buzzfeed-trump-cohen-lie-congress-moscow/index.html) | cnn.com
[Trump Told Michael Cohen To Lie About Trump Tower Moscow: Report](https://www.huffingtonpost.com/entry/trump-tower-moscow-cohen-lied_us_5c412f46e4b0a8dbe16f6df8) | huffingtonpost.com
[Trump directed Michael Cohen to lie to Congress about Moscow project, BuzzFeed report says](https://www.cnbc.com/2019/01/18/trump-directed-cohen-to-lie-to-congress-about-moscow-project-report.html) | cnbc.com
[Democrats demand investigation after report that Trump ordered Michael Cohen to lie to Congress about Russian project](https://www.washingtonpost.com/nation/2019/01/18/democrats-demand-investigation-after-report-that-trump-ordered-michael-cohen-lie-congress-about-russian-project/) | washingtonpost.com
[Democrats demand investigation after report that Trump ordered Michael Cohen to lie to Congress about Russian project](https://www.washingtonpost.com/amphtml/nation/2019/01/18/democrats-demand-investigation-after-report-that-trump-ordered-michael-cohen-lie-congress-about-russian-project/?__twitter_impression=true) | washingtonpost.com
[BuzzFeed: Sources say Trump directed Michael Cohen to lie to Congress about proposed Moscow project](https://amp.cnn.com/cnn/2019/01/17/politics/buzzfeed-trump-cohen-lie-congress-moscow/index.html?__twitter_impression=true) | amp.cnn.com
[Trump told Cohen to lie about plans to meet with Putin in Russia: Report](https://www.washingtonexaminer.com/news/trump-told-cohen-to-lie-about-plans-to-meet-with-putin-in-russia-report) | washingtonexaminer.com
[Lawmakers Vow To Investigate Evidence That Trump Told His Lawyer To Lie To Congress](https://www.buzzfeednews.com/article/emmaloop/congress-investigates-trump-telling-cohen-lie) | buzzfeednews.com
[Trump didnâ€™t want to send any disaster-relief money to Puerto Rico but a HUD official said he had to, report says](https://news.vice.com/en_us/article/qvydbm/how-trump-handled-puerto-rico-after-hurricane-maria-made-a-senior-hud-official-quit-report-says) | news.vice.com
[Melania Trump flies to West Palm in government plane despite shutdown](https://www.miamiherald.com/news/local/article224730305.html) | miamiherald.com
[Why Trump lies, and why you should care](https://www.bostonglobe.com/opinion/2019/01/17/why-trump-lies-and-why-you-should-care/1GY6VJ9wB12dYvzpPfGPeL/story.html) | bostonglobe.com
[Trump ordered lawyer Michael Cohen to lie to Congress about Moscow hotel project: report](https://www.nydailynews.com/news/politics/ny-news-trump-tower-moscow-campaign-cohen-russia-20190117-story.html) | nydailynews.com
[President Trump Directed His Attorney Michael Cohen To Lie To Congress About The Moscow Tower Project](https://www.buzzfeednews.com/article/jasonleopold/trump-russia-cohen-mo) | buzzfeednews.com
[DNC alleges it was targeted in phishing attack after midterms, part of ongoing lawsuit against Russia, Trump campaign](https://abcnews.go.com/Politics/dnc-alleges-targeted-phishing-attack-midterms-part-ongoing/story?id=60456187&cid=social_twitter_abcn) | abcnews.go.com
[Was there collusion? Trump lawyer walks back earlier remarks](https://apnews.com/8f0b375e8cf444bc968a290751badd3e) | apnews.com
[Trump Tower Moscow deal: Trump told Michael Cohen to lie to Congress, report sa](https://www.businessinsider.com/trump-tower-moscow-deal-trump-told-michael-cohen-to-lie-to-congress-2019-1) | businessinsider.com
[Mueller news: How BuzzFeedâ€™s report Trump told Cohen to lie changes what we know](https://www.vox.com/2019/1/18/18187790/trump-mueller-buzzfeed-cohen-obstruction) | vox.com
[Model Who Claimed Trump Secrets Detained at Moscow Airport](https://themoscowtimes.com/news/model-who-claimed-trump-secrets-detained-moscow-airport-64186) | themoscowtimes.com
[Buzzfeed reporter: President Trump directed Michael Cohen to lie to Congress](https://www.msnbc.com/the-last-word/watch/buzzfeed-reporter-president-trump-directed-michael-cohen-to-lie-to-congress-1428058691787) | msnbc.com
[Melania Trump Flies to Florida on Military Plane Despite Government Shutdown](https://www.thedailybeast.com/melania-trump-flies-to-florida-on-military-plane-despite-government-shutdown?ref=home) | thedailybeast.com
[Trump told to â€˜resign or be impeachedâ€™ if reports he instructed attorney Cohen to lie to congress are proven](https://www.independent.co.uk/news/world/americas/us-politics/trump-cohen-ordered-lie-congress-russia-mueller-investigation-impeach-resign-buzzfeed-a8733961.html) | independent.co.uk
[Trump told to 'resign' over bombshell report he directed lawyer to lie over Russia links](https://www.independent.co.uk/news/world/americas/us-politics/trump-cohen-allegations-live-update-congress-lie-moscow-tower-russia-collusion-mueller-a8733896.html) | independent.co.uk
[Trump reportedly told Michael Cohen to lie. His own attorney general pick testified thatâ€™s a crime.](https://www.washingtonpost.com/nation/2019/01/18/trump-reportedly-told-michael-cohen-lie-his-own-attorney-general-pick-testified-thats-crime/) | washingtonpost.com
['Trump must resign or be impeached': Democrats react to allegations that Trump instructed Cohen to lie to Congress about Russia](https://www.newsweek.com/president-trump-must-resign-or-be-impeached-democrats-react-allegations-trump-1296699) | newsweek.com
[President Trump Directed His Attorney Michael Cohen To Lie To Congress About The Moscow Tower Project](https://www.buzzfeednews.com/article/jasonleopold/trump-russia-cohen-moscow-tower-mueller-investigation/) | buzzfeednews.com
[Michael Cohen reportedly admitted his talks with Ivanka Trump and Donald Trump Jr. about the Trump Tower Moscow deal were far more detailed than previously known](http://www.businessinsider.com/michael-cohen-ivanka-trump-donald-trump-jr-trump-tower-moscow-2019-1) | businessinsider.com
[Congress to Investigate Report That Trump Told Cohen to Lie About Moscow Tower](https://www.thedailybeast.com/congress-to-investigate-report-that-trump-told-cohen-to-lie-about-moscow-tower) | thedailybeast.com
[Leaked memo shows Trump administration weighed separating families at border, despite saying it was never policy](https://abcnews.go.com/Politics/leaked-memo-shows-trump-administration-weighed-separating-families/story?id=60459972) | abcnews.go.com
[Digital Dive: BuzzFeed report says Trump told Cohen to lie to Congress](https://www.kare11.com/video/news/digital-dive-buzzfeed-report-says-trump-told-cohen-to-lie-to-congress/89-83060859-a127-4559-b94b-668171979185) | kare11.com
[â€œAre We Really Where We Are?â€: Trump, Putin, and Washingtonâ€™s Unbelievable New Normal](https://www.newyorker.com/news/letter-from-trumps-washington/are-we-really-where-we-are-trump-putin-and-washingtons-unbelievable-new-normal) | newyorker.com
[Democrats vow to probe BuzzFeed report Trump directed Michael Cohen to lie to Congress](https://www.usatoday.com/story/news/politics/2019/01/18/president-donald-trump-michael-cohen-russia-investigation-congress/2612509002/) | usatoday.com
[Barr to Congress: Telling a witness to lie is a crime. New report: Trump told a witness to lie.](https://www.vox.com/policy-and-politics/2019/1/18/18187835/barr-attorney-general-trump-cohen-lie-congress-buzzfeed) | vox.com
[Holder: If Trump Directing Cohen To Lie Is True, Impeachment Proceedings 'Must Begin'](https://thehill.com/homenews/administration/425980-holder-if-trump-directing-cohen-to-lie-is-true-impeachment) | thehill.com
[Trump reportedly told Michael Cohen to lie. His own attorney general pick testified thatâ€™s a crime](https://www.thestar.com/news/world/us/2019/01/18/trump-reportedly-told-michael-cohen-to-lie-his-own-attorney-general-pick-testified-thats-a-crime.html) | thestar.com
[Trump directed Cohen to lie to Congress about proposed Moscow project, report says](https://fox2now.com/2019/01/18/trump-directed-cohen-to-lie-to-congress-about-proposed-moscow-project-report-says/) | fox2now.com
[Texas Republicans defect en masse as Trump weakens Russia sanctions](https://www.chron.com/news/politics/article/Texas-Republicans-defect-en-masse-as-Trump-13542610.php) | chron.com
[Democrats say report that Trump told Cohen to lie about Moscow deal, if true, could prove obstruction](https://www.marketwatch.com/story/democrats-say-report-that-trump-told-cohen-to-lie-about-moscow-deal-if-true-could-prove-obstruction-2019-01-17) | marketwatch.com
[Trumpâ€™s New Missile Policy Relies Heavily on Largely Unproven Technologies](https://www.defenseone.com/technology/2019/01/trumps-new-missile-policy-relies-heavily-largely-unproven-technologies/154277/?oref=site-defenseone-flyin-sailthru) | defenseone.com
[Trump's Attorney Used Trump's Money to Make a Twitter Account to Talk About How Hot He Is: Report](https://people.com/politics/michael-cohen-rig-online-polls-twitter-account-trump/) | people.com
[Congress to investigate report that Trump directed Cohen to lie](https://abc7.com/politics/congress-to-investigate-report-that-trump-directed-attorney-attorney-to-lie/5095510/?fbclid=IwAR0vb1Fu7K6Z56ECC-lSf5v7peS6nJo6W9ihL5r4V3P-JH3P60ho54VCNh8) | abc7.com","Sen. Amy Klobuchar, two days ago: â€œYou wrote... a president persuading a person to commit perjury would be obstruction. Is that right?â€

William Barr: â€œYes.â€

(h/t @scottbix)",84482,304,2019-01-18 03:56:54,ah6gxc
politics,"Ohio city to stop observing Columbus Day, make Election Day holiday instead",,Was hoping it was Columbus Ohio.,84468,168,2019-02-06 21:00:32,anvgkw
politics,Resurfaced Video Shows Bernie Sanders Criticizing Media for Not Covering Climate Change in 1989,,"R Kelly video surfaces of rape,  Trump tape surfaces about pussy grabbing , Bernie sanders tape surfaces about climate change back in 1989.  ",80842,108,2019-03-10 00:57:23,azad2b
politics,"H.Res.755 - Impeaching Donald John Trump, President of the United States, for high crimes and misdemeanors",,"ARTICLE I: ABUSE OF POWER

The Constitution provides that the House of Representatives â€œshall have the sole Power of Impeachmentâ€ and that the President â€œshall be removed from Office on Impeachment for, and Conviction of, Treason, Bribery, or other high Crimes and Misdemeanorsâ€. In his conduct of the office of President of the United Statesâ€”and in violation of his constitutional oath faithfully to execute the office of President of the United States and, to the best of his ability, preserve, protect, and defend the Constitution of the United States, and in violation of his constitutional duty to take care that the laws be faithfully executedâ€”Donald J. Trump has abused the powers of the Presidency, in that:

Using the powers of his high office, President Trump solicited the interference of a foreign government, Ukraine, in the 2020 United States Presidential election. He did so through a scheme or course of conduct that included soliciting the Government of Ukraine to publicly announce investigations that would benefit his reelection, harm the election prospects of a political opponent, and influence the 2020 United States Presidential election to his advantage. President Trump also sought to pressure the Government of Ukraine to take these steps by conditioning official United States Government acts of significant value to Ukraine on its public announcement of the investigations. President Trump engaged in this scheme or course of conduct for corrupt purposes in pursuit of personal political benefit. In so doing, President Trump used the powers of the Presidency in a manner that compromised the national security of the United States and undermined the integrity of the United States democratic process. He thus ignored and injured the interests of the Nation.

President Trump engaged in this scheme or course of conduct through the following means:

(1) President Trumpâ€”acting both directly and through his agents within and outside the United States Governmentâ€”corruptly solicited the Government of Ukraine to publicly announce investigations intoâ€”

(A) a political opponent, former Vice President Joseph R. Biden, Jr.; and

(B) a discredited theory promoted by Russia alleging that Ukraineâ€”rather than Russiaâ€”interfered in the 2016 United States Presidential election.

(2) With the same corrupt motives, President Trumpâ€”acting both directly and through his agents within and outside the United States Governmentâ€”conditioned two official acts on the public announcements that he had requestedâ€”

(A) the release of $391 million of United States taxpayer funds that Congress had appropriated on a bipartisan basis for the purpose of providing vital military and security assistance to Ukraine to oppose Russian aggression and which President Trump had ordered suspended; and

(B) a head of state meeting at the White House, which the President of Ukraine sought to demonstrate continued United States support for the Government of Ukraine in the face of Russian aggression.

(3) Faced with the public revelation of his actions, President Trump ultimately released the military and security assistance to the Government of Ukraine, but has persisted in openly and corruptly urging and soliciting Ukraine to undertake investigations for his personal political benefit.

These actions were consistent with President Trumpâ€™s previous invitations of foreign interference in United States elections.

In all of this, President Trump abused the powers of the Presidency by ignoring and injuring national security and other vital national interests to obtain an improper personal political benefit. He has also betrayed the Nation by abusing his high office to enlist a foreign power in corrupting democratic elections.

Wherefore President Trump, by such conduct, has demonstrated that he will remain a threat to national security and the Constitution if allowed to remain in office, and has acted in a manner grossly incompatible with self-governance and the rule of law. President Trump thus warrants impeachment and trial, removal from office, and disqualification to hold and enjoy any office of honor, trust, or profit under the United States.",80819,101,2019-12-12 01:17:58,e9gj1l
politics,Megathread: CEO Jack Dorsey says Twitter has decided to ban all political ads by candidates and outside groups,"Twitter is banning all political advertising from its service, saying social media companies give advertisers an unfair advantage in proliferating highly targeted, misleading messages. Dorsey said the following:

> A final note. This isn't about free expression. This is about paying for reach. And paying to increase the reach of political speech has significant ramifications that today's democratic infrastructure may not be prepared to handle. It's worth stepping back in order to address.

---

##Submissions that may interest you

SUBMISSION | DOMAIN
---|----
['Woah': Twitter to End Paid Political Advertising on Platform, CEO Says](https://www.commondreams.org/news/2019/10/30/woah-twitter-end-paid-political-advertising-platform-ceo-says) | commondreams.org
[Twitter will stop accepting political ads, Jack Dorsey announces](https://edition.cnn.com/2019/10/30/tech/twitter-political-ads-2020-election/index.html) | edition.cnn.com
[Twitter Is Banning Political Ads](https://www.buzzfeednews.com/article/alexkantrowitz/twitter-political-ads) | buzzfeednews.com
[Twitter bans all political advertisements](https://finance.yahoo.com/news/twitter-bans-political-advertisements-200840572.html) | finance.yahoo.com
[Twitter to ban political ads from November 22](https://www.reuters.com/article/us-twitter-ads/twitter-to-ban-political-ads-from-november-22-idUSKBN1X92IK) | reuters.com
[Twitter CEO Jack Dorsey announces no more political ads on platform](https://abcnews.go.com/Politics/twitter-ceo-jack-dorsey-announces-political-ads-platform/story?id=66644471) | abcnews.go.com
[Twitter bans all political advertising](https://www.bbc.com/news/world-us-canada-50243306) | bbc.com
[Twitter bans political ads after Facebook refused to do so](https://www.cnbc.com/2019/10/30/twitter-bans-political-ads-after-facebook-refused-to-do-so.html) | cnbc.com
[Twitter just jabbed Facebook by banning all political ads: â€˜We believe political message reach should be earned, not boughtâ€™](https://www.businessinsider.com/twitter-stop-running-political-ads-ceo-jack-dorsey-2019-10) | businessinsider.com
[Twitter announces it will refuse all political advertising](https://thehill.com/policy/technology/468198-twitter-announces-it-will-refuse-all-political-advertising) | thehill.com
[Twitter bans all political advertisements](https://apnews.com/63057938a5b64d3592f800de19f443bc) | apnews.com
[Twitter to Ban Political Advertising Globally, CEO Dorsey Says](https://www.bloomberg.com/news/articles/2019-10-30/twitter-twtr-to-ban-political-advertising-globally) | bloomberg.com
[Twitter to stop accepting political ads](https://www.nbcnews.com/news/amp/ncna1074171?__twitter_impression=true) | nbcnews.com
[Twitter dropping all political ads](https://www.politico.com/news/2019/10/30/twitter-dropping-all-political-ads-000308) | politico.com
[Twitter Says It Will Ban All Political Ads](https://www.nytimes.com/2019/10/30/technology/twitter-political-ads-ban.html) | nytimes.com
[Twitter will ban all political advertising starting in November](https://www.theverge.com/2019/10/30/20940587/twitter-political-ad-ban-election-2020-jack-dorsey-facebook) | theverge.com
[Twitter to ban all political ads amid 2020 election uproar](https://www.washingtonpost.com/technology/2019/10/30/twitter-ban-all-political-ads-amid-election-uproar/) | washingtonpost.com
[Twitter to ban all political advertising, raising pressure on Facebook](https://www.theguardian.com/technology/2019/oct/30/twitter-ban-political-advertising-us-election?CMP=Share_AndroidApp_Copy_to_clipboard) | theguardian.com
[Twitter To Halt Political Ads, In Contrast To Facebook](https://www.npr.org/2019/10/30/774865522/twitter-to-halt-political-ads-in-contrast-to-facebook) | npr.org
[Twitter ending all political ads](https://www.cbsnews.com/news/twitter-political-ads-ban-announced-on-its-platform/) | cbsnews.com
[Twitter bans all political ads, in sharp contrast to Facebook](https://www.latimes.com/business/technology/story/2019-10-30/twitter-bans-all-political-a-in-pointed-contrast-to-facebook) | latimes.com
[Hillary Clinton celebrates Twitter's decision to stop political advertising: 'What say you, Facebook?'](https://thehill.com/policy/technology/468208-hillary-clinton-celebrates-twitters-decision-to-stop-political-advertising) | thehill.com
[Twitter announces ban on all political advertisements ahead of 2020 election](https://www.wmtw.com/article/twitter-announces-ban-on-all-political-advertisements-ahead-of-2020-election/29643933) | wmtw.com
[Twitter to ban political ads, bowing to pressure on social media companies - Reuters](https://www.reuters.com/article/us-twitter-ads/twitter-to-ban-political-ads-bowing-to-pressure-on-social-media-companies-idUSKBN1X92IK?feedType=RSS&feedName=technologyNews&utm_source=feedburner&utm_medium=feed&utm_campaign=Feed%3A+reuters%2FtechnologyNews+%28Reuters+Technology+News%29) | reuters.com
[Twitter will ban political ads, Jack Dorsey announces](https://amp.cnn.com/cnn/2019/10/30/tech/twitter-political-ads-2020-election/index.html) | amp.cnn.com
[Twitter blocking all political ads globally starting in November](https://arstechnica.com/tech-policy/2019/10/twitter-blocking-all-political-ads-globally-starting-in-november/) | arstechnica.com
[Twitter's ban on political ads is a 'bold statement' and ratchets up the pressure on Facebook amid harsh criticism over its tolerance for lies in political ads](https://www.businessinsider.com/twitter-ban-political-ads-ratchets-up-pressure-facebook-2019-10?r=US&IR=T) | businessinsider.com
[Whoâ€™s upset after Twitterâ€™s political ad ban? Mostly conservatives.](https://www.tampabay.com/florida-politics/buzz/2019/10/30/whos-upset-after-twitters-political-ad-ban-mostly-conservatives/) | tampabay.com
[Hillary Clinton Applauds Twitter Move On Political Ads: â€˜What Say You, Facebook?â€™](https://www.huffpost.com/entry/hillary-clinton-twitter-political-ads-facebook_n_5dba01bee4b00d83f72204f9) | huffpost.com
[Twitter political ads will be banned, CEO Jack Dorsey announced today](https://www.cbsnews.com/news/twitter-political-ads-will-be-banned-ceo-jack-dorsey-announced-today-2019-10-30/) | cbsnews.com
[Mark Zuckerberg launched an impassioned defense of political ads on Facebook, just minutes after Twitter banned them](https://www.businessinsider.com/mark-zuckerberg-defends-political-ads-after-twitter-bans-them-2019-10) | businessinsider.com
[Trump's campaign is upset Twitter banned political ads. So, oddly, is Russian state media.](https://theweek.com/speedreads/875456/trumps-campaign-upset-twitter-banned-political-ads-oddly-russian-state-media) | theweek.com
[Zuckerberg defends Facebook's political ads approach after Twitter ban](https://www.cnbc.com/2019/10/30/zuckerberg-defends-facebooks-political-ads-approach-after-twitter-ban.html) | cnbc.com
[Jack Dorsey says Twitter will ban all political ads](https://techcrunch.com/2019/10/30/twitter-political-ad-ban/) | techcrunch.com
[Itâ€™s harder to ban political ads on Twitter than it sounds](https://www.theverge.com/interface/2019/10/31/20940150/twitter-political-ads-ban-facebook-policy) | theverge.com
[Twitter Says It Will No Longer Run Political Advertisements, Trolls Facebook](https://www.rollingstone.com/politics/politics-news/twitter-bans-political-advertisements-jack-dorsey-905957/) | rollingstone.com
[Zuckerberg doubles down on Facebook political ads policy after Twitter ban](https://thehill.com/policy/technology/468216-zuckerberg-doubles-down-on-facebook-political-ads-policy-after-twitter-ban) | thehill.com","Uh, did he just throw pretty obvious shade at Facebook?


> For instance, itâ€˜s not credible for us to say: â€œWeâ€™re working hard to stop people from gaming our systems to spread misleading info, buuut if someone pays us to target and force people to see their political adâ€¦well...they can say whatever they want! ðŸ˜‰â€


https://www.twitter.com/jack/status/1189634371407380480",80334,381,2019-10-30 20:45:41,dpckgv
politics,Leaked audio: Trump adviser says Republicans 'traditionally' rely on voter suppression,,"[Trump official says campaign has '3 major voter suppression operations underway' to discourage Clinton supporters
](https://www.businessinsider.com/donald-trump-voter-suppression-2016-10)",78814,79,2019-12-20 21:45:26,edgkow
politics,The President Just Admitted in Court He Ran a Crooked Charity and We're All Just Gonna Shrug It Off?,,[deleted],77888,116,2019-12-12 17:53:04,e9qyn0
politics,"Sanders Says If Israel Wants to Ban Members of Congress, It Should Not Receive Billions in US Military Aid",,"> Sanders said, if elected president in 2020, he would ""be willing to bring real pressure to bear on both sides, **including conditioning military aid, to create consequences for moves that undermine the chances for peace**.""

That was a month ago.

Bernie isn't just spewing catchy phrases on current topics to gain support. He believes this and he's been arguing it for a long time.

-----

Edit: [He also said in 2015 that he would consider using the $3.8 billion of military aid given to Israel each year by the U.S. as leverage to demand talks to secure political rights for Palestinians](https://www.youtube.com/watch?v=Dap9fNZIKwc).   (courtesy of one of the replies)",77522,100,2019-08-16 10:06:44,cr4b8v
politics,Andrew Yang overtakes Pete Buttigieg to become fourth most favored primary candidate: Poll,,we need ranked choice voting,77074,133,2019-12-24 12:31:38,ef0shq
politics,"Leaked Draft of Trump Executive Order to 'Censor the Internet' Denounced as Dangerous, Unconstitutional Edict",,[deleted],76937,77,2019-08-11 14:57:46,coxp57
politics,House votes 420-0 to make Mueller's report public,,"> 4 Republicans Amash Gaetz Gosar and Massie voted Present.

The douche canoe crew, doing their douche canoe, uh...row.",76016,80,2019-03-14 15:09:52,b11g3m
politics,Nancy Pelosi wonâ€™t send the articles of impeachment to the Senate until she feels theyâ€™ll get a fair hearing.,,"Fucking power move, especially after some notable republican senators have stated how quickly they want to acquit and move on",75636,89,2019-12-19 03:05:18,ecn5ac
politics,Video of Mike Pence Saying â€˜Foreign Governments Cannot Participate in the American Political Processâ€™ Goes Viral After Trump-Ukraine Scandal,,This is a campaign ad in full. No editing required.,75235,108,2019-10-05 15:16:01,ddoi77
politics,Ocasio-Cortez calls for 'answers' after Epstein found dead in jail cell,,Reeks of foul play - how was he not on 24/7 suicide watch after the first attempt?,74206,86,2019-08-10 14:41:21,coiuza
politics,"Andrew Yang: What good are record-high profits if we have record-high stress, anxiety, student loan debt",,"What good are record high profits to anyone other than shareholders anyway? How many people actually own stocks in these companies and receive dividends? 

Profits are what's left over *after* paying wages. Employees are an expense that takes away from profits. Want higher profits? Hire less people and pay them less. That doesn't benefit the average person at all. Only owners and investors.",73694,162,2019-12-20 17:57:43,eddjzi
politics,Sanders overtakes Biden in New Hampshire poll,,"Sanders is only going up from here, tides are changin', winds are shiftin'.",73572,44,2019-08-13 15:52:09,cpv0tu
politics,Megathread: Federal Judge Rules President Trump Must Turn Over Eight Years Of Personal And Corporate Tax Returns,"A federal judge on Monday rejected a bold argument from President Trump that sitting presidents are immune from criminal investigations, allowing the Manhattan district attorneyâ€™s office to subpoena eight years of the presidentâ€™s personal and corporate tax returns.

Lawyers for Mr. Trump were expected to appeal the ruling from Judge Victor Marrero of Manhattan federal court. The presidentâ€™s could not immediately be reached for comment.

In a 75-page ruling, Judge Marrero said called presidentâ€™s argument ""repugnant to the nationâ€™s governmental structure and constitutional values."" Presidents, their families and businesses are not above the law, the judge ruled.

In response, the President's lawyers filed an emergency notice of appeal to the 2nd circuit. 


## UPDATE:

The Second Circuit Court of Appeals has granted Donald Trump a temporary administrative stay pending expedited review by a panel of the Court.

[Source](https://twitter.com/AndreaWNYC/status/1181222328933502977)


---

##Submissions that may interest you

SUBMISSION | DOMAIN
---|----
[Trump Tax Returns: POTUS Loses Court Fight to Keep Records Secret](https://www.bloomberg.com/news/articles/2019-10-07/trump-loses-court-fight-to-keep-tax-records-secret-from-n-y-k1gfd80t?utm_campaign=socialflow-organic&utm_source=twitter&cmpid=socialflow-twitter-business&utm_content=business&utm_medium=social) | bloomberg.com
[Judge tosses out Trump challenge to tax return turnover](https://finance.yahoo.com/news/judge-tosses-trump-challenge-tax-130243374.html) | finance.yahoo.com
[Federal judge rules against Trump in fight to keep tax records from Manhattan prosecutors](https://thehill.com/homenews/administration/464619-federal-judge-rules-against-trump-in-fight-to-keep-tax-records-from) | thehill.com
[Federal Judge Rejects Trump Challenge to Turning Over Tax Returns](https://www.nbcnewyork.com/news/local/Federal-Judge-Rejects-Trump-Challenge-to-Turning-Over-Tax-Returns-562415891.html) | nbcnewyork.com
[Federal judge rules Trump must turn over his tax returns to Manhattan DA, but Trump has indicated he will appeal](https://www.washingtonpost.com/politics/federal-judge-rules-trump-must-turn-over-his-tax-returns-to-manhattan-da-but-trump-has-indicated-he-will-appeal/2019/10/07/29e1fda6-e8a4-11e9-85c0-85a098e47b37_story.html) | washingtonpost.com
[Trump loses New York court fight to keep tax returns hidden](https://www.nbcnews.com/politics/donald-trump/trump-loses-new-york-court-fight-keep-tax-returns-hidden-n1063186) | nbcnews.com
[Trump loses New York court fight over his tax returns](https://www.axios.com/donald-trump-tax-returns-new-york-court-ruling-0537b744-1cd4-45da-ab92-36f8db7b2dcb.html) | axios.com
[Judge tosses out Trump challenge to tax return turnover](https://apnews.com/70bc353a644f45438c688fbfc7065449) | apnews.com
[Federal judge rejects President Trumpâ€™s challenge to the release of his tax returns for a New York state criminal probe](https://www.washingtonpost.com/national/federal-judge-rejects-president-trumps-challenge-to-the-release-of-his-tax-returns-for-a-new-york-state-criminal-probe/2019/10/07/d1724f18-e902-11e9-a329-7378fbfa1b63_story.html) | washingtonpost.com
[Federal judge dismisses Trumpâ€™s lawsuit seeking to block Manhattan district attorney from obtaining the presidentâ€™s tax returns](https://www.washingtonpost.com/news/politics/wp/2019/10/07/federal-judge-dismisses-trumps-lawsuit-seeking-to-block-manhattan-district-attorney-from-obtaining-the-presidents-tax-returns/) | washingtonpost.com
[Trump Loses Court Fight to Keep Tax Records Secret From N.Y.](https://www.bloomberg.com/amp/news/articles/2019-10-07/trump-tax-returns-loses-court-fight-to-keep-records-secret) | bloomberg.com
[Trump Ordered to Turn Over 8 Years of Tax Returns to the Manhattan D.A.](https://www.nytimes.com/2019/10/07/nyregion/trump-taxes-lawsuit-vance.html) | nytimes.com
[Trump loses New York court fight to keep his tax returns secret](https://www.cnbc.com/2019/10/07/trump-loses-new-york-court-fight-to-keep-his-tax-returns-secret.html) | cnbc.com
[Judge dismisses Trump's lawsuit to block subpoena for tax returns](http://www.cnn.com/2019/10/07/politics/trump-tax-returns-lawsuit/index.html) | cnn.com
[Judge rules Trump must turn over tax returns for hush money investigation](https://abcnews.go.com/Politics/york-judge-rules-trump-turn-tax-returns-hush/story?id=66110643) | abcnews.go.com
[Judge tosses Trumpâ€™s lawsuit trying to block release of his tax returns](https://nypost.com/2019/10/07/judge-throws-out-trumps-lawsuit-to-block-releasing-his-tax-returns/) | nypost.com
[Judge rejects Trump request to block New York subpoena for tax returns](https://www.reuters.com/article/us-usa-trump-vance/judge-rejects-trump-request-to-block-new-york-subpoena-for-tax-returns-idUSKBN1WM1DK) | reuters.com
[Trump tax returns must be given to prosecutor, judge rules](https://www.bbc.com/news/world-us-canada-49963910) | bbc.com
[Federal Judge: Manhattan DA Can Enforce Subpoena for Trumpâ€™s Tax Returns; the President Is Not a King](https://lawandcrime.com/high-profile/federal-judge-manhattan-da-can-enforce-subpoena-for-trumps-tax-returns-the-president-is-not-a-king/) | lawandcrime.com
[A federal judge ordered Trump to turn over 8 years of his tax returns to New York prosecutors](https://www.businessinsider.com/judge-orders-trump-turn-over-8-years-tax-returns-prosecutors-2019-10) | businessinsider.com
[Trump's attempt to keep tax returns secret in New York rejected by judge](https://www.cbsnews.com/news/trump-challenge-to-tax-returns-release-rejected-new-york/) | cbsnews.com
[Federal Judge Rules Trump Must Hand Over 8 Years Of Tax Returns](https://www.npr.org/2019/10/07/767830713/federal-judge-rules-trump-must-hand-over-8-years-of-tax-returns) | npr.org
[Judge Rejects Trump Challenge To New York Tax Return Turnover](https://www.huffpost.com/entry/trump-tax-returns-new-york_n_5d9b37c1e4b09938980368e5) | huffpost.com
[Trump ordered to turn over 8 years of tax returns after judge rules he has no immunity from criminal investigation](https://www.independent.co.uk/news/world/americas/us-politics/trump-tax-returns-new-york-court-stormy-daniels-karen-mcdougal-da-a9146191.html) | independent.co.uk
[A Judge Ruled Eight Years Of Trump's Tax Returns Must Be Turned Over To A Grand Jury](https://www.buzzfeednews.com/article/zoetillman/a-judge-ruled-eight-years-of-trumps-tax-returns-must-be) | buzzfeednews.com
[Trump suffers key court defeat on keeping his tax returns hidden](http://www.msnbc.com/rachel-maddow-show/trump-suffers-key-court-defeat-keeping-his-tax-returns-hidden) | msnbc.com
[Legal Experts React to â€˜Significantâ€™ Ruling on Trump Tax Returns: Could Open the Door to State Criminal Prosecution](https://lawandcrime.com/high-profile/legal-experts-react-to-significant-ruling-on-trump-tax-returns-could-open-the-door-to-state-criminal-prosecution/) | lawandcrime.com
[Manhattan DA temporarily barred from enforcing subpoena for Trumpâ€™s tax returns](https://nypost.com/2019/10/07/manhattan-da-temporarily-barred-from-enforcing-subpoena-for-trumps-tax-returns/) | nypost.com
[Trump Loses Latest Bid To Keep Tax Returns Hidden](https://talkingpointsmemo.com/muckraker/judge-denies-trump-bid-to-block-tax-return-subpoena-by-manhattan-prosecutor) | talkingpointsmemo.com
[Trump claims he is immune from criminal investigation. A federal judge just smacked that claim down.](https://www.vox.com/policy-and-politics/2019/10/7/20902703/trump-tax-forms-resistance-vance-immunity) | vox.com
[Trump wins delay in New York court fight to keep tax returns secret](https://www.salon.com/2019/10/07/president-trump-ordered-to-turn-over-eight-years-of-tax-returns-to-manhattans-district-attorney/) | salon.com
[Judge to Trump in Tax Return Case: Youâ€™re Not Above the Law](https://www.rollingstone.com/politics/politics-news/trump-tax-returns-rulings-michael-cohen-895722/) | rollingstone.com
[Judge Rejects Trump Challenge To New York Tax Return Turnover](https://m.huffpost.com/us/entry/us_5d9b37c1e4b09938980368e5) | m.huffpost.com
[Trump Might Finally Have to Hand Over His Tax Returnsâ€‹](https://www.vice.com/en_us/article/vb5pb4/trump-might-finally-have-to-hand-over-his-tax-returns) | vice.com
[5 Things To Look For In President Trump's Tax Returns â€“ If We Ever See Them](https://www.npr.org/2019/10/07/768037735/5-things-to-watch-for-in-president-trumps-tax-returns-if-we-ever-see-them?utm_source=dlvr.it&utm_medium=twitter) | npr.org
[A Judge Rules That Trump Isnâ€™t Above the Lawâ€”and Neither Are His Tax Returns](https://www.newyorker.com/news/our-columnists/a-judge-rules-that-trump-isnt-above-the-law-and-neither-are-his-tax-returns) | newyorker.com
[Judge rejects Trumpâ€™s â€˜repugnantâ€™ immunity claim in tax-return ruling](https://www.theguardian.com/us-news/2019/oct/07/trump-tax-returns-subpoena-new-york-federal-judge) | theguardian.com
[Trump tax return ruling 'obliterated' president's argument, Judge Napolitano says](https://www.foxnews.com/media/trump-tax-return-ruling-judge-andrew-napolitano-cavuto) | foxnews.com
[Donald Trump loses legal challenge to block release of tax returns - US News](https://news.sky.com/story/donald-trump-loses-legal-challenge-to-block-release-of-tax-returns-11830110) | news.sky.com
[Judge says New York prosecutors can see Trumpâ€™s tax returns](https://triblive.com/news/politics-election/judge-says-new-york-prosecutors-can-see-trumps-tax-returns/) | triblive.com
[US judge rejects Trump challenge to release of his tax returns](https://www.aljazeera.com/news/2019/10/judge-rejects-trump-challenge-release-tax-returns-191007130237176.html) | aljazeera.com
[A Judge Ruled Eight Years Of Trump's Tax Returns Must Be Turned Over To A Grand Jury](https://www.buzzfeednews.com/amphtml/zoetillman/a-judge-ruled-eight-years-of-trumps-tax-returns-must-be?bftwnews=&utm_term=4ldqpgc&__twitter_impression=true) | buzzfeednews.com
[Trump Ordered to Hand Over Tax Returns by Federal Judge in New York](https://www.thedailybeast.com/trump-tax-returns-federal-judge-orders-president-to-hand-over-eight-years-of-filings) | thedailybeast.com","This federal judge takes a pretty hard swipe at the 1973 OLC memo that says a POTUS can't be indicted.

I read this part of his order as him saying, ""You guys keep repeating that memo like you think it's the law.  But that memo has no binding authority over any court.""

https://imgur.com/a/Onzt3LT",73110,322,2019-10-07 13:27:52,dejfnt
politics,Elijah Cummings 'signed subpoenas from his hospital bed' for Trump impeachment before his death,,"Jesus Christ, this man literally didnâ€™t stop fighting to the very end. You will be missed chairman.",72874,233,2019-10-17 18:32:53,djajel
politics,Senator McConnell Must Recuse - The Senator Has Already Violated His Oath as a Juror,,"Rep Val Demings calls on Sen Mitch McConnell to recuse himself from the Presidentâ€™s impeachment trial:  

> â€œThe President has abused his power and obstructed Congressâ€™ ability to hold him accountable for his actions. His use of military assistance to pressure another country to interfere in our election put our national security and our democracy at risk. The Constitution requires that after articles of impeachment pass the House of Representatives, the president must be given a fair trial in the Senate.   

> **â€Senator McConnell has promised to sabotage that trial and he must recuse himself. No court in the country would allow a member of the jury to also serve as the accusedâ€™s defense attorney. The moment Senator McConnell takes the oath of impartiality required by the Constitution, he will be in violation of that oath. He has effectively promised to let President Trump manage his own impeachment trial. The Senator must withdraw.â€**",72855,84,2019-12-13 18:21:15,ea7o76
politics,A Message to PBS: Televise the Trump Impeachment Hearings for All to See,,"For the right people to see them, Fox News needs to televise them.

Everyone else is already convinced.",72762,93,2019-11-08 13:14:26,dtf9si
politics,"Megathread: Trump adviser Roger Stone guilty on all seven counts of lying to congress, obstruction and witness tampering in relation to the Russia probe","Roger J. Stone Jr., a former aide and longtime friend of President Trump, was found guilty on Friday of obstructing a congressional investigation into Russiaâ€™s interference in the 2016 election in what prosecutors said was an effort to protect Mr. Trump.

---

##Submissions that may interest you

SUBMISSION | DOMAIN
---|----
[Former Trump adviser Roger Stone found guilty of witness tampering, lying to congress](https://www.latimes.com/politics/story/2019-11-15/roger-stone-trial-verdict) | latimes.com
[Roger Stone, Political Operative And Trump Aide, Guilty In False Statements Trial](https://www.npr.org/2019/11/15/779353180/roger-stone-political-operative-and-trump-aide-guilty-in-false-statements-trial) | npr.org
[Roger Stone Is Found Guilty](https://www.nytimes.com/2019/11/15/us/politics/roger-stone-trial-guilty.html?action=click&module=Top%20Stories&pgtype=Homepage) | nytimes.com
[Roger Stone guilty of lying to Congress to protect Trump and his campaign](https://news.yahoo.com/roger-stone-guilty-lying-congress-164937961.html) | news.yahoo.com
[Roger Stone Is Guilty in U.S. Trial Over Lies About 2016 Leaks](https://www.bloomberg.com/news/articles/2019-11-15/roger-stone-guilty-trump-ally-trial-over-lies-about-2016-leaks) | bloomberg.com
[Roger Stone Is Found Guilty in Trial That Revived Trump-Russia Saga](https://www.nytimes.com/2019/11/15/us/politics/roger-stone-trial-guilty.amp.html) | nytimes.com
[Roger stone verdict: Guilty on all 7 counts, jury finds in trial of longtime Trump associate - live updates](https://www.cbsnews.com/news/roger-stone-verdict-guilty-on-all-7-counts-jury-finds-in-trial-of-longtime-trump-associate/) | cbsnews.com
[Roger Stone found guilty on all seven counts](https://www.nbcnews.com/politics/politics-news/roger-stone-found-guilty-all-seven-counts-n1082326?fbclid=IwAR0vtUQmqc8Wiodir02yD7xNZrlvIJ91NhAIhQ74orXv06nqjob1uEpLo5I) | nbcnews.com
[Trump ally Roger Stone found guilty of lying to Congress, witness tampering](https://www.cnbc.com/amp/2019/11/15/trump-friend-roger-stone-found-guilty-of-lying-to-congress.html) | cnbc.com
[Trump associate Roger Stone has been found guilty](https://www-m.cnn.com/2019/11/15/politics/roger-stone-trial-verdict/index.html?r=https%3A%2F%2Fwww.cnn.com%2Fpolitics) | www-m.cnn.com
[Trump associate Roger Stone has been found guilty](https://edition.cnn.com/2019/11/15/politics/roger-stone-trial-verdict/) | edition.cnn.com
[Roger Stone guilty on all counts in federal trial of lying to Congress, witness tampering](http://www.washingtonpost.com/local/public-safety/roger-stone-jury-weighs-evidence-and-a-defense-move-to-make-case-about-mueller/2019/11/15/554fff5a-06ff-11ea-8292-c46ee8cb3dce_story.html) | washingtonpost.com
[Trump friend Roger Stone found guilty of lying to Congress](https://www.cnbc.com/2019/11/15/trump-friend-roger-stone-found-guilty-of-lying-to-congress.html) | cnbc.com
[Roger Stone was just found guilty on all counts](https://www.vox.com/2019/11/15/20964909/roger-stone-trial-verdict) | vox.com
[Roger Stone guilty of lying to Congress to protect Trump and his campaign](https://www.usatoday.com/story/news/politics/2019/11/15/roger-stone-jurors-deliver-verdict-trump-ally-trial-over-wikileaks/4187429002/) | usatoday.com
[Roger Stone found guilty on all counts in trial stemming from Mueller probe](https://www.foxnews.com/politics/roger-stone-found-guilty-in-trial-stemming-from-mueller-probe) | foxnews.com
[Roger Stone found guilty on all seven counts - The Republican operative and Trump associate was charged with making false statements, obstruction and witness tampering.](https://www.nbcnews.com/news/amp/ncna1082326?__twitter_impression=true) | nbcnews.com
[Roger Stone found guilty on all counts](https://www.axios.com/roger-stone-found-guilty-all-counts-9a18bed4-305d-4cc7-a839-61e1567542c9.html) | axios.com
[Roger Stone Is Found Guilty in Trial That Revived Trump-Russia Saga](https://www.nytimes.com/2019/11/15/us/politics/roger-stone-trial-verdict.html) | nytimes.com
[Roger Stone Guilty On Charges Of Lying To Congress](https://www.huffpost.com/entry/roger-stone-guilty-trump_n_5dcc42f8e4b03a7e0293cda8?ncid=tweetlnkushpmg00000067) | huffpost.com
[Jury reaches verdict in trial of Trump ally Roger Stone, whoâ€™s charged with lying to Congress and witness tampering](https://www.washingtonpost.com/politics/congress/jury-reaches-verdict-in-trial-of-trump-ally-roger-stone-whos-charged-with-lying-to-congress-and-witness-tampering/2019/11/15/b8a71b06-07c7-11ea-ae28-7d1898012861_story.html) | washingtonpost.com
[Roger Stone found guilty of lying to Congress, witness tampering](https://www.politico.com/news/2019/11/15/roger-stone-found-guilty-of-lying-to-congress-witness-tampering-071124) | politico.com
[Roger Stone Found Guilty of Lying to Congress to Protect Trump](https://news.yahoo.com/roger-stone-found-guilty-lying-164925267.html) | news.yahoo.com
[Roger Stone Found Guilty of Lying to Congress to Protect Trump](https://www.thedailybeast.com/roger-stone-found-guilty-of-lying-to-congress-to-protect-trump?source=articles&via=rss) | thedailybeast.com
[Roger Stone Found Guilty on First Two Counts](https://video.foxnews.com/v/5614615980001/#sp=watch-live) | video.foxnews.com
[Ex-Trump adviser Roger Stone convicted of lying and obstruction](https://news.sky.com/story/ex-trump-adviser-roger-stone-convicted-of-lying-and-obstruction-11862187) | news.sky.com
[Roger Stone: Trump associate found guilty on obstruction of justice](http://www.independent.co.uk/news/world/americas/us-politics/roger-stone-guilty-obstruction-of-justice-trump-latest-a9204836.html) | independent.co.uk
[Roger Stone Guilty of Witness Tampering, Lying to Congress](https://www.hollywoodreporter.com/news/roger-stone-guilty-1255153) | hollywoodreporter.com
[Roger Stone: GUILTY on all charges](https://www.reuters.com/article/us-usa-trump-russia-stone/trump-adviser-stone-found-guilty-of-lying-to-congress-obstruction-witness-tampering-idUSKBN1XP1VT) | reuters.com
[Verdict reached in Roger Stone Trial](https://apnews.com/ad355d2c983e4a7c85bc17e86d8c563f) | apnews.com
[Jury convicts Stone on 7 felony counts](https://thehill.com/regulation/court-battles/470657-stone-verdict-guilty) | thehill.com
[Roger Stone: Trump adviser found guilty on all counts in WikiLeaks hacking case - US news](https://www.theguardian.com/us-news/2019/nov/15/roger-stone-guilty-verdict-wikileaks-hacking-case-latest-news) | theguardian.com
[Roger Stone Found Guilty On All Counts](https://talkingpointsmemo.com/news/roger-stone-found-guilty-of-multiple-counts) | talkingpointsmemo.com
[Roger Stone Found Guilty of Lying Under Oath to Protect Trump](https://www.vice.com/en_us/article/xwejyj/roger-stone-found-guilty-of-lying-under-oath-to-protect-trump) | vice.com
[Roger Stone Found Guilty on All Counts](https://www.motherjones.com/politics/2019/11/roger-stone-was-just-convicted-on-all-counts/) | motherjones.com
[After Prosecutors Said He Lied to Protect Trump, Roger Stone Found Guilty on All Criminal Counts](https://lawandcrime.com/high-profile/breaking-roger-stone-found-guilty-of-all-criminal-counts/) | lawandcrime.com
[Roger Stone found guilty on all 7 counts](https://abcnews.go.com/amp/Politics/roger-stone-found-guilty-counts/story?id=67015102&__twitter_impression=true) | abcnews.go.com
[Roger Stone, former adviser to President Donald Trump, convicted on charges stemming from Russia inquiry.](https://www.bbc.com/news/world-us-canada-50438196?ns_source=twitter&ns_mchannel=social&ns_linkname=news_central&ns_campaign=bbc_breaking) | bbc.com
[Roger Stone Guilty of Witness Tampering, Lying to Congress](https://www.nbcnewyork.com/news/national-international/Roger-Stone-Jury-Verdict-Obstruction-Fraud-Case-564980452.html) | nbcnewyork.com
[Roger Stone Has Been Found Guilty](https://www.kctv5.com/news/us_world_news/trump-associate-roger-stone-has-been-found-guilty/article_27d63be2-07c8-11ea-8e7f-dfded3721504.html) | kctv5.com
[Roger Stone Is Guilty in Trial Over Lies About 2016 Leaks](https://www.bloomberg.com/news/articles/2019-11-15/roger-stone-is-guilty-in-u-s-trial-over-lies-about-2016-leaks?utm_medium=social&utm_source=twitter&utm_content=politics&utm_campaign=socialflow-organic&cmpid%3D=socialflow-twitter-politics) | bloomberg.com
[Roger Stone found guilty of laundry list of crimes stemming from his contacts with WikiLeaks, Trump campaign](https://www.nydailynews.com/news/politics/ny-roger-stone-found-guilty-20191115-whtobvv2unahnen4ho63rdn224-story.html) | nydailynews.com
[Roger Stone, Found Guilty for Obstructing Justice, Faces Decades in Prison](https://www.newsweek.com/roger-stone-found-guilty-obstructing-justice-faces-decades-prison-1472080) | newsweek.com
[Roger Stone Guilty On Charges Of Lying To Congress, Witness Intimidation - The political consultant was accused of lying to Congress as lawmakers investigated Russian interference in the 2016 election.](https://m.huffpost.com/us/entry/us_5dcc42f8e4b03a7e0293cda8) | m.huffpost.com
[Professional Ratf*cker Roger Stone Has F*cked His Last Rat](https://www.esquire.com/news-politics/politics/a29813171/roger-stone-convicted-seven-counts-lying-congress/) | esquire.com
[Trump's honesty was on trial in the Roger Stone case. The verdict was harsh.](http://www.nbcnews.com/politics/justice-department/trump-s-honesty-was-trial-roger-stone-case-verdict-was-n1083296) | nbcnews.com
[Trump adviser Roger Stone, self-proclaimed 'dirty trickster,' guilty on all charges](https://www.reuters.com/article/us-usa-trump-russia-stone-idUSKBN1XP1VT) | reuters.com
[Trump Tampers With Witness in Ukraine Impeachment Probe as Roger Stone Convicted of Witness Tampering](https://www.thedailybeast.com/as-trump-tampers-with-witness-in-ukraine-impeachment-probe-roger-stone-convicted-of-witness-tampering?ref=wrap) | thedailybeast.com
[Trump criticizes Roger Stone guilty verdict, suggests Hillary Clinton and Robert Mueller should be prosecuted](https://www.cnbc.com/2019/11/15/trump-criticizes-roger-stone-guilty-verdict-attacks-clinton-mueller.html) | cnbc.com
[Roger Stoneâ€™s conviction, and Trumpâ€™s ugly response, further demonstrate Trumpâ€™s corruption](https://www.washingtonpost.com/opinions/2019/11/15/roger-stones-conviction-trumps-ugly-response-further-demonstrate-trumps-corruption/) | washingtonpost.com
[We Still Donâ€™t Know What Happened Between Trump and Russia - Roger Stoneâ€™s conviction for obstruction serves up some justice but underscores how effectively Trump aides have prevented a full reckoning.](https://www.theatlantic.com/ideas/archive/2019/11/we-still-dont-know-what-happened-between-trump-and-russia/602116/) | theatlantic.com
[Trump adviser Roger Stone, self-proclaimed 'dirty trickster,' guilty on all charges](https://www.reuters.com/article/us-usa-trump-russia-stone/trump-adviser-roger-stone-self-proclaimed-dirty-trickster-guilty-on-all-charges-idUSKBN1XP1VT) | reuters.com","Stone is the sixth associate of Trump to be convicted in the last few years. The list also includes:

   -  Paul Manafort

   -  Michael Flynn

   -  Rick Gates

   - George Papadopoulos

   -  Michael Cohen",72037,373,2019-11-15 16:55:07,dwti6n
politics,Sanders says he'll enact national drinking water standards,,"Wow, what a concept.  The leading nation in the Western world having actual standards for drinking water.

Can't wait to hear the logical backflips from the red-hats that oppose this.",71609,146,2019-12-31 17:30:38,ei5x58
politics,Elizabeth Warren proposes a lifetime lobbying ban for major government officials,,"Of course there's a tweet, there's *always* a tweet.

[I will issue a lifetime ban against senior executive branch officials lobbying on behalf of a FOREIGN GOVERNMENT!](https://mobile.twitter.com/realdonaldtrump/status/788854422105235456)",70089,77,2019-09-16 17:30:50,d53xzz
politics,"Dem introduces bills to eliminate electoral college, stop presidents from pardoning themselves",,"I'm sick of seeing generic Dem/Democrat in the headline. It's **Rep. Steve Cohen (D-Tn.)**.

edit: WOW! I'm really happy to see so many others agree with that sentiment.

edit2: Thanks for the gold! And again, thank you!",69323,54,2019-01-04 02:31:02,acdf42
politics,"H.Res.757 - Calling for the resignation and disbarment of United States Attorney General William P. Barr, and for other purposes.",,"**_Fucking_** beautiful.

-----

**RESOLUTION**

Calling for the resignation and disbarment of United States Attorney General William P. Barr, and for other purposes.

Whereas, on March 24, 2019, United States Attorney General William P. Barr deliberately mischaracterized the â€œReport On The Investigation Into Russian Interference In The 2016 Presidential Electionâ€ issued by Special Counsel Robert S. Mueller, III;

Whereas, on March 25, 2019, at Attorney General Barrâ€™s direction, the Department of Justice ceased defending the Patient Protection and Affordable Care Act (Public Law 111â€“148), a duly enacted law under the United States Constitution;

Whereas, on April 24, 2019, Attorney General Barr directed then-Acting Assistant Attorney General John Gore of the Department of Justiceâ€™s Civil Rights Division to defy a subpoena from the House Oversight and Reform Committee pertaining to its investigation of the 2020 census;

Whereas, on July 8, 2019, Attorney General Barr deliberately mischaracterized the legal reasoning behind the Trump administrationâ€™s desire to add a citizenship question to the 2020 census and abruptly removed career Department of Justice attorneys in an unprecedented attempt to undermine a ruling by the Supreme Court of the United States;

Whereas, on July 16, 2019, Attorney General Barr ignored the recommendation of the Department of Justiceâ€™s Civil Rights Division by declining to bring charges against the New York Police Department officer in the death of Eric Garner;

Whereas, on July 17, 2019, the United States House of Representatives voted to hold Attorney General Barr in criminal contempt of Congress for his refusal to comply with a duly-issued subpoena and deliberate obstruction of congressional oversight authority;

Whereas, on December 4, 2019, Attorney General Barr threatened the withholding of police protection from communities that do not show â€œsupport and respectâ€ to law enforcement, a statement that has been interpreted as being directed at communities of color that protest police violence;

Whereas Attorney General Barr has perpetuated and promulgated conspiracy theories that have been repeatedly debunked by United States law enforcement and intelligence agencies, including before a Senate Appropriations Committee hearing, where he referred to legitimate and legal law enforcement surveillance as â€œspyingâ€, and while traveling abroad to meet with foreign intelligence officials where he has continued to spread this disÂ­inÂ­forÂ­maÂ­tion;

Whereas Attorney General Barr has used taxpayer funds for international travel to seek foreign assistance in investigating a domestic political rival of the President of the United States;

Whereas Attorney General Barr has sought to undermine the Department of Justice inspector generalâ€™s report â€œReview of Four FISA Applications and Other Aspects of the FBIâ€™s Crossfire Hurricane Investigationâ€, regarding the Federal Bureau of Investigationâ€™s investigation of the Trump campaign; and

Whereas Attorney General Barr has refused to recuse himself from any Ukraine-related matters in which he is allegedly involved: Now, therefore, be it

Resolved, That the House of Representativesâ€”

(1) condemns United States Attorney General William P. Barr for his despicable comments and actions;

(2) calls on United States Attorney General William P. Barr to resign;

(3) calls on the Virginia State Bar to remove United States Attorney General William P. Barr from its rolls;

(4) calls on the New York State Bar Association to remove United States Attorney General William P. Barr from its rolls;

(5) calls on the District of Columbia Bar to remove United States Attorney General William P. Barr from its rolls;

(6) reaffirms support for the diversity of the United States; and

(7) reaffirms, in the strongest terms, its support for and commitment to the 14th Amendment to the United States Constitution.",68501,143,2019-12-12 02:50:42,e9ho3a
politics,US spies say Trump's G7 performance suggests he's either a 'Russian asset' or a 'useful idiot' for Putin,,He can be two things.,68466,92,2019-08-29 20:32:31,cx6go2
politics,Trump has concealed details of his face-to-face encounters with Putin from senior officials in administration,,">President Trump has gone to extraordinary lengths to conceal details of his conversations with Russian President VladiÂ­mir Putin, **including on at least one occasion taking possession of the notes of his own interpreter and instructing the linguist not to discuss what had transpired with other administration officials**, current and former U.S. officials said.

Mother of christ. He forbid dissemination of what transpired to *his own hand-picked staff*.

>As a result, U.S. officials said **there is no detailed record, even in classified files, of Trumpâ€™s face-to-face interactions with the Russian leader at five locations over the past two years.** Such a gap would be unusual in any presidency, let alone one that Russia sought to install through what U.S. intelligence agencies have described as an unprecedented campaign of election interference.

A person could not act more guilty if they were trying. **He does not demand periodic, private, undocumented meetings with any other head of state on the planet.**

Edit: For those curious, George Conway (Kellyanne's husband and conservative super-lawyer) confirms that [none of these conversations are covered by executive privilege](https://twitter.com/gtconway3d/status/1084294046493880320). Putin's presence means the American people have the right to know their contents if they are subjected to subpoena.",67996,113,2019-01-12 23:17:30,afd0eh
politics,Giuliani associate willing to tell Congress Nunes met with ex-Ukrainian official to get dirt on Biden,,"Devin Nunes is colluding with the ***Russian Mafia*** to benefit his political career. Holy shit thatâ€™s treason, why the fuck is he even in intel.",67517,87,2019-11-23 02:02:37,e0bc6q
politics,"'Literally What Jesus Told People to Do': In Arizona, Possible Prison Time for Leaving Food and Water for Migrants â€” ""If giving water to someone dying of thirst is illegal, what humanity is left in the law of this country?""",,"In my experience, Conservative Christians are the most unlike-Christ people you'd ever meet. While this behavior did not cause my atheism, it definitely began the journey.

EDIT: Wasn't expecting this to blow up, so let me say this - there are some great stories being shared here, so check them out. Also, try and be kind to people. Or at least good. And yes, that includes poor people crossing borders seeking a better life.",67473,66,2019-01-21 16:51:23,aibyha
politics,Trump vows 'no more' federal aid to California as devastating wildfires continue to burn,,"The President is sacrificing the homes, property and lives of American citizens out of political retribution.",67334,72,2019-11-03 14:21:37,dr1012
politics,Megathread: Bernie Sanders announces 2020 presidential run,"Vermont Sen. Bernie Sanders says he's running for president in 2020. The 77-year-old self-described democratic socialist challenged Hillary Clinton in the Democratic presidential primary in 2016 and says that he planned to again seek the nomination.

---

##Submissions that may interest you

SUBMISSION | DOMAIN
---|----
[Bernie Sanders announces 2020 US Presidential bid](https://www.bbc.co.uk/news/world-us-canada-46965281) | bbc.co.uk
[Bernie Sanders says he will run for president again in 2020](https://thehill.com/homenews/campaign/426684-bernie-sanders-says-he-will-run-for-president-again-in-2020) | thehill.com
[Bernie Sanders Announces Heâ€™s Running For President in 2020](http://time.com/5532296/bernie-sanders-announces-running-for-president-2020/) | time.com
[Bernie Sanders Announces Candidacy In 2020 Presidential Race](https://www.bloomberg.com/news/articles/2019-02-19/bernie-sanders-announces-candidacy-in-2020-presidential-race?cmpid=socialflow-facebook-business&utm_medium=social&utm_content=business&utm_campaign=socialflow-organic&utm_source=facebook) | bloomberg.com
[Bernie Sanders announces 2020 run: ""We're gonna win""](https://www.cbsnews.com/news/bernie-sanders-2020-vermont-senator-says-hes-running-for-president-in-cbs-interview-political-party-views-stance-on-issues) | cbsnews.com
[Bernie Sanders announces 2020 Presidential Run](http://news.sky.com/story/bernie-sanders-announces-he-is-running-for-president-again-in-2020-11641854) | news.sky.com
[Bernie Sanders Announces 2020 Presidential Run](http://www.14news.com/2019/02/19/bernie-sanders-announces-presidential-run/) | 14news.com
[Bernie Sanders to run for U.S. president in 2020: CNN](https://www.reuters.com/article/us-usa-election-sanders/bernie-sanders-to-run-for-u-s-president-in-2020-cnn-idUSKCN1Q81A9?il=0) | reuters.com
[Sen. Bernie Sanders says heâ€™s running for president in 2020](https://apnews.com/fe9a5d1194c24ca7a826652f0c63187e) | apnews.com
[Bernie Sanders announces run for presidency in 2020](https://www.theguardian.com/us-news/2019/feb/19/bernie-sanders-announces-2020-run-presidency?CMP=Share_AndroidApp_reddit_is_fun) | theguardian.com
[Bernie Sanders Announces 2020 Presidential Run](https://www.nytimes.com/2019/02/19/us/politics/bernie-sanders-2020-president.html) | nytimes.com
[Sen. Bernie Sanders Confirms 2020 Presidential Run](https://www.huffpost.com/entry/bernie-sanders-2020-presidential-run_n_5c0536abe4b0606a15b77659) | huffpost.com
[Sen. Bernie Sanders, Democratsâ€™ 2016 runner-up, to make another presidential bid](https://www.washingtonpost.com/news/politics/wp/2019/02/19/sen-bernie-sanders-democrats-2016-runner-up-to-make-another-presidential-bid/) | washingtonpost.com
[Sanders campaign takes aim at doubters who say he's too extreme to win](https://www.politico.com/story/2019/02/19/bernie-sanders-campaign-2020-1173608) | politico.com
[Sanders to run for President again in 2020.](https://www.kxan.com/news/us-politics/sen-bernie-sanders-says-he-s-running-for-president-in-2020/1793100592) | kxan.com
[How Bernie Sanders Could Win The 2020 Democratic Nomination](https://fivethirtyeight.com/features/bernie-sanders-2020-democratic-nomination-kickoff/) | fivethirtyeight.com
[Sen. Bernie Sanders will seek the Democratic presidential nomination in 2020](https://www.washingtonpost.com/powerpost/sen-bernie-sanders-will-seek-the-democratic-presidential-nomination-in-2020/2019/02/19/be5b0216-002e-11e9-862a-b6a6f3ce8199_story.html?utm_term=.1bebe0cca80d) | washingtonpost.com
[Bernie Sanders formally launches his 2020 campaign](https://news.yahoo.com/bernie-sanders-formally-launches-2020-campaign-120037428.html) | news.yahoo.com
[Bernie Sanders enters 2020 presidential race](https://www.nbcnews.com/politics/2020-election/bernie-sanders-enters-2020-presidential-race-complete-revolution-n972906) | nbcnews.com
[Can Bernie Sanders repeat his surprising success this time around?](https://www.theguardian.com/commentisfree/2019/feb/19/bernie-sanders-repeat-success-2020) | theguardian.com
[Bernie Is Running, Thank God](https://jacobinmag.com/2019/02/bernie-sanders-presidential-primary-democratic-party?) | jacobinmag.com
[Bernie Sanders Announces 2020 Presidential Run](https://www.nytimes.com/2019/02/19/us/politics/bernie-sanders-2020.html) | nytimes.com
[Bernie Sanders Enters 2020 Presidential Campaign, No Longer An Underdog](https://www.npr.org/2019/02/19/676923000/bernie-sanders-enters-2020-presidential-campaign-no-longer-an-underdog) | npr.org
[To Defeat Trump With People-Powered Political Revolution, Bernie Sanders Announces 2020 Run](https://www.commondreams.org/news/2019/02/19/defeat-trump-people-powered-political-revolution-bernie-sanders-announces-2020-run) | commondreams.org
[Bernie Sanders announces 2020 run: ""We're gonna win""](https://www.cbsnews.com/news/bernie-sanders-2020-vermont-senator-says-hes-running-for-president-in-cbs-interview-political-party-views-stance-on-issues/) | cbsnews.com
[Trump responds to Sen Bernie Sanders' run for president in 2020](https://newschannel9.com/news/nation-world/trump-responds-to-sen-bernie-sanders-run-for-president-in-2020) | newschannel9.com
[Bernie Sanders announces 2020 run: Extended interview](https://www.cbsnews.com/video/bernie-sanders-announces-2020-run-extended-interview/) | cbsnews.com
[Bernie Sanders Is Runningâ€”and America Just Might Be Ready to Elect a Democratic Socialist](https://www.thenation.com/article/bernie-sanders-president-2020-democratic-socialist) | thenation.com
[Bernie Sanders, the Method Man of Democrats, Is Running for President](https://www.theroot.com/bernie-sanders-the-method-man-of-democrats-is-running-1832725640) | theroot.com
[Bernie Sanders Is Runningâ€”and America Just Might Be Ready to Elect a Democratic Socialist](https://www.thenation.com/article/bernie-sanders-president-2020-democratic-socialist/) | thenation.com
[Bernie Sanders is running for president â€” and his policies would have a huge impact on business](https://www.cnbc.com/2019/02/19/bernie-sanders-is-running-for-president-in-2020--here-is-his-platform.html) | cnbc.com
[Bernie Sanders Is Running for President and He Wants One Million Campaign Volunteers](https://theintercept.com/2019/02/19/bernie-sanders-running-president-wants-one-million-campaign-volunteers/) | theintercept.com
[Bernie Sanders Hires Top Progressive Advocate, Faiz Shakir, as Campaign Manager: For his second run at the White House, the Senator is leaning on one of the most-seasoned progressives in the party.](https://www.thedailybeast.com/bernie-sanders-hires-top-civil-liberties-advocate-faiz-shakir-as-campaign-manager) | thedailybeast.com
[Bernie Sanders Is the Democratic Front-Runner for President](https://www.theatlantic.com/politics/archive/2019/02/bernie-sanders-democratic-frontrunner-president/583066/) | theatlantic.com
[If Bernie Sanders can run in 2020, so should Hillary Clinton](https://www.independent.co.uk/voices/bernie-sanders-2020-hillary-clinton-campaign-trump-sexism-candidate-democratic-primaries-a8787466.html) | independent.co.uk
[Bernie Sanders Is the Democratic Front-Runner](https://www.theatlantic.com/amp/article/583066/) | theatlantic.com
[Establishment Democrats Terrified of a Bernie Sanders Run In 2020](https://observer.com/2017/05/establishment-democrats-terrified-bernie-sanders-2020/) | observer.com","Friendly reminder: While there were certainly plenty of assholes in 2016, the ""BernieBro"" narrative was by-and-large **Russian propaganda**.

[Russians impersonated Americans.](https://www.nytimes.com/2017/09/07/us/politics/russia-facebook-twitter-election.html) They spread angry, hateful messaging in an effort to divide us. Don't let them do it again. While there will certainly be a fair number of *actual* American jackasses supporting every candidate, allowing them to divide us only *hurts* us.

Downvote uncivil people. Ignore them. If they're breaking the rules, report them. Don't give them a platform.",67246,339,2019-02-19 13:21:00,asac31
politics,Alexandria Ocasio-Cortez's 'Corruption Game' Speech Is Now the Most Viewed Twitter Video of Any Politician,,"Politics aside, this is something that everyone should see, understand, and desire to change.

Edit: https://youtu.be/TJlpS4vhKP0 the video.",67220,124,2019-02-12 15:31:37,apuh2g
politics,House passes bill to require presidents to disclose their tax returns,,"This headline/article does a terrible job explaining the actual impact of the bill. 

This bill is a massive strengthening of voting rights, government ethics, government oversight, and government transparency.  


It includes things like Automatic Voter Registration     
Election Day being a Holiday for federal workers to be able to vote    
Require Auditable Paper Ballot    
Require 15 days of early voting availability  

Ban forgein nationals from contributing to election funds/PACs  

  
Just to name a few.  


The full text is available here with a summary coming shortly, The beginning of the text is the table of contents listing the different sections and does a decent job of showing an overview.  


[https://www.congress.gov/bill/116th-congress/house-bill/1/text](https://www.congress.gov/bill/116th-congress/house-bill/1/text)  


&#x200B;",67197,94,2019-03-08 17:23:57,ayssub
politics,Trump impeachment hearing opened by Congress for first time,,"> In letters to the committee on Monday, the White House said that Mr Dearborn and Mr Porter were â€œabsolutely immuneâ€ from testifying. 

> White House counsel Pat Cipollone wrote that the Justice Department had advised, and Mr Trump had directed, them not to attend â€œbecause of the constitutional immunity that protects senior advisers to the president from compelled congressional testimony.â€

This is such a load of bunk. Absolutely immune my ass.

""We worked for the government, therefore we couldn't **possibly** legally report **to Congress** on anything that had gone on there, because the government said so!""

So clear and transparent.

Edit: To the people telling me to mind my own business, what? How isn't the US spiraling out of control my business?

If your neighbor decides to make a bonfire, do you watch it get higher and bigger until it reaches your house without saying anything?",66986,76,2019-09-17 17:34:48,d5katc
politics,"After Life of Incalculable Harm, Billionaire Climate Denialist and Right-Wing Villain David Koch Dead at 79",,"Well his work paid off, look how much money he gets to take with him now.",66917,107,2019-08-23 17:09:45,cugs62
politics,"New documents show Trump kept 2 sets of books for his biggest property in Manhattan, pointing to potential financial fraud",,[deleted],66460,74,2019-11-27 15:38:44,e2hot0
politics,Adam Schiff Erupts: Closing Statement On Contentious Impeachment Hearing,,"I don't think we should reward FoxNews with ads money. Why not use the link to [PBS NewsHour](https://www.youtube.com/watch?v=t4ssrr2OsQ0). No sensational title. And more importantly, no ads.",66429,133,2019-11-21 21:39:44,dzqh2k
politics,Source: Leaked Documents Show the U.S. Government Tracking Journalists and Immigration Advocates Through a Secret Database,,"So the reason the GOP is so scared that Dems will use national databases to track undesirables is because they've been doing it too?

More projection by the GOP.",66011,163,2019-03-07 00:06:00,ay5zm0
politics,Megathread: Ex-Trump adviser Roger Stone arrested in Mueller probe,"Roger Stone, a former adviser to President Donald Trump, was indicted by special counsel Robert Mueller and arrested Friday on charges of obstruction, giving false statements and witness tampering.

---

##Submissions that may interest you

SUBMISSION | DOMAIN
---|----
[Roger Stone, longtime Trump political advisor, is arrested](https://www.latimes.com/politics/la-na-pol-roger-stone-indictment-20190125-story.html?outputType=amp&__twitter_impression=true) | latimes.com
[Roger Stone, Adviser to Trump, Is Indicted in Mueller Investigation](https://www.nytimes.com/2019/01/25/us/politics/roger-stone-indicted-mueller-investigation.html?action=click&module=Top%20Stories&pgtype=Homepage) | nytimes.com
[Roger Stone indicted on charges brought by special counsel and has been arrested](https://www-m.cnn.com/2019/01/25/politics/roger-stone-arrested/index.html?r=https%3A%2F%2Fwww.google.com%2Furl%3Fsa%3Di%26source%3Dweb%26cd%3D%26ved%3D2ahUKEwiDrsr36ojgAhUmxYMKHekxCtwQzPwBegQIARAD%26url%3Dhttps%253A%252F%252Fwww.cnn.com%252F2019%252F01%252F25%252Fpolitics%252Froger-stone-arrested%252Findex.html%26psig%3DAOvVaw0bIyx5u7caFMVPl74K92MN%26ust%3D1548502354761799) | www-m.cnn.com
[Longtime Trump adviser Roger Stone indicted by special counsel in Russia investigation](https://www.washingtonpost.com/news/politics/wp/2019/01/25/longtime-trump-adviser-roger-stone-indicted-by-special-counsel-in-russia-investigation/?utm_term=.bf5de620e8ba) | washingtonpost.com
[Trump ally Roger Stone arrested on seven charges](https://www.theguardian.com/us-news/2019/jan/25/roger-stone-trump-ally-arrested-on-seven-charges?CMP=Share_AndroidApp_reddit_is_fun_golden_platinum) | theguardian.com
[Document: Indictment Against Roger Stone](https://www.lawfareblog.com/document-indictment-against-roger-stone) | lawfareblog.com
[Roger Stone, Adviser to Trump, Is Indicted in Mueller Investigation](https://www.nytimes.com/2019/01/25/us/politics/roger-stone-indicted-mueller-investigation) | nytimes.com
[Roger Stone Arrested](https://www.bloomberg.com/news/articles/2019-01-25/roger-stone-arrested-in-florida-special-counsel-says-jrbymo5f) | bloomberg.com
[Special counselâ€™s office: Trump associate Roger Stone arrested in Florida, charged with witness tampering, other crimes](https://wbng.com/news/national-news-from-the-associated-press/2019/01/25/special-counsels-office-trump-associate-roger-stone-arrested-in-florida-charged-with-witness-tampering-other-crimes/) | wbng.com
[Roger Stone arrested after indictment from Mueller investigation](https://www.axios.com/roger-stone-indictment-mueller-investigation-eb83027b-b48b-4d04-a114-bd92aac8585b.html) | axios.com
[Trump Associate Roger Stone Arrested on Obstruction Charges in Mueller Investigation](http://time.com/5512984/roger-stone-arrested-mueller/) | time.com
[Trump ally Roger Stone charged with seven counts in Mueller probe, including obstruction and witness-tampering.](https://www.bbc.co.uk/news/amp/world-us-canada-47002713?__twitter_impression=true) | bbc.co.uk
[US special counsel's office: Trump ally Roger Stone arrested in Florida](https://www.cnbc.com/2019/01/25/us-special-counsels-office-trump-ally-roger-stone-arrested-in-florida.html) | cnbc.com
[U.S. v. Roger Jason Stone, Jr. (1:19-cr-18, District of Columbia)](https://www.justice.gov/file/1124706/download) | justice.gov
[Special counselâ€™s office: Trump associate Roger Stone arrested in Florida, charged with witness tampering, other crimes - The Washington Post](https://www.washingtonpost.com/national/special-counsels-office-trump-associate-roger-stone-arrested-in-florida-charged-with-witness-tampering-other-crimes/2019/01/25/0563eb16-2094-11e9-a759-2b8541bbbe20_story.html) | washingtonpost.com
[Ex-Trump adviser Roger Stone arrested as part of Mueller probe.](https://www.nbcnews.com/news/amp/ncna962601?__twitter_impression=true) | nbcnews.com
[FBI arrests Roger Stone](https://edition.cnn.com/2019/01/25/politics/roger-stone-arrested/) | edition.cnn.com
[Trump ally Stone faces seven charges](https://www.bbc.com/news/world-us-canada-47002713) | bbc.com
[Ex-Trump adviser Roger Stone arrested as part of Mueller probe](https://www.nbcnews.com/politics/donald-trump/ex-trump-adviser-roger-stone-arrested-part-mueller-probe-n962601) | nbcnews.com
[Roger Stone, longtime Trump friend, indicted by special counsel Robert Mueller](https://www.yahoo.com/gma/roger-stone-longtime-trump-friend-indicted-special-counsel-113703330--abc-news-topstories.html) | yahoo.com
[Longtime Trump adviser Roger Stone indicted by special counsel in Russia investigation](https://www.washingtonpost.com/politics/longtime-trump-adviser-roger-stone-indicted-by-special-counsel-in-russia-investigation/2019/01/25/93a4d8fa-2093-11e9-8e21-59a09ff1e2a1_story.html?utm_term=.9c13ccfcf782) | washingtonpost.com
[Roger Stone, longtime Trump friend, indicted by special counsel Robert Mueller](https://abcnews.go.com/beta-story-container/Politics/roger-stone-longtime-trump-friend-indicted-special-counsel/story?id=59520432) | abcnews.go.com
[Roger Stone Arrested in Florida](https://www.bloomberg.com/amp/news/articles/2019-01-25/roger-stone-arrested-in-florida-special-counsel-says-jrbymo5f) | bloomberg.com
[Trump ally Roger Stone arrested by FBI](http://www.nbc12.com/2019/01/25/trump-ally-roger-stone-arrested-by-fbi/) | nbc12.com
[Mueller indicts Roger Stone](https://abcnews.go.com/Politics/roger-stone-longtime-trump-friend-indicted-special-counsel/story?id=59520432) | abcnews.go.com
[Roger Stone arrested by FBI: CNN](https://thehill.com/policy/national-security/426919-roger-stone-arrested-by-fbi-cnn) | thehill.com
[Roger Stone arrested following grand jury indictment](https://www.msnbc.com/morning-joe/watch/roger-stone-arrested-following-grand-jury-indictment-1431804995999) | msnbc.com
[Trump ally Roger Stone arrested in Florida and charged with offences including witness tampering](http://www.abc.net.au/news/2019-01-25/roger-stone-arrested-with-multiple-charges/10752338) | abc.net.au
[Trump ally Roger Stone arrested on seven counts, including false statements, witness tampering](https://www.reuters.com/article/us-usa-trump-russia-idUSKCN1PJ16M) | reuters.com
[Trump Associate Stone Charged With Obstruction in Mueller Probe](https://www.bloomberg.com/news/articles/2019-01-25/roger-stone-arrested-in-florida-as-part-of-special-counsel-probe) | bloomberg.com
[Trump associate Roger Stone arrested, faces obstruction charge](https://chicago.suntimes.com/politics/roger-stone-donald-trump-robert-mueller-associate-stone-arrested-faces-obstruction-charge/) | chicago.suntimes.com
[Trump Associate Roger Stone Indicted In Mueller Investigation](https://www.huffingtonpost.com/entry/roger-stone-indicted-mueller-investigation_us_5b928d30e4b0cf7b003f3321) | huffingtonpost.com
[Mueller: Trump Campaign Official Was â€˜Directedâ€™ to Ask Roger Stone About WikiLeaks Dirt on Hillary Clinton](https://www.thedailybeast.com/mueller-trump-campaign-official-was-directed-to-ask-roger-stone-about-wikileaks-dirt-on-hillary-clinton) | thedailybeast.com
[The FBI just arrested Roger Stone after an indictment by Robert Mueller](https://news.vice.com/en_us/article/nexv98/the-fbi-just-arrested-roger-stone-after-an-indictment-by-robert-mueller?utm_source=dmfb&fbclid=IwAR2eOinC_hR9FManz-uFXcgLSlTqMFbfUleKg2RNGuO6OtKf-tc9_4RF6_o) | news.vice.com
[Trump Confidant Roger Stone Indicted & Arrested On 7 Counts Related To 2016 Election Attack](https://www.npr.org/2019/01/25/615518287/trump-confidant-roger-stone-indicted-on-seven-counts-related-to-2016-election-at?utm_source=facebook.com&utm_medium=social&utm_campaign=npr&utm_term=nprnews&utm_content=20190125&fbclid=IwAR0T-Q_x4s_Ai3q8pOYL1AhMRyZcGQqGPOg5tBhZBFc9s_AW_T9Tx5De63k) | npr.org
[Trumpâ€™s night-owl calls to Roger Stone in 2016 draw scrutiny in Mueller probe](https://www.washingtonpost.com/politics/trumps-night-owl-calls-to-roger-stone-in-2016-draw-scrutiny-in-mueller-probe/2018/11/28/77d6174e-f332-11e8-80d0-f7e1948d55f4_story.html?utm_term=.d39766fe43fc) | washingtonpost.com
[Trump associate Stone arrested, faces obstruction charge](https://apnews.com/1dcac576e9964f3d98b96b8052f61f8c) | apnews.com
[Roger Stone arrested in connection to Mueller probe](https://www.today.com/video/roger-stone-arrested-in-connection-to-mueller-probe-1431807043627) | today.com
[Trump Associate Roger Stone Arrested on Criminal Charges Stemming From Russia Investigation](https://ktla.com/2019/01/25/trump-associate-roger-stone-arrested-on-criminal-charges-stemming-from-russia-investigation/) | ktla.com
[Former Trump Adviser Roger Stone Arrested In Mueller's Russia Probe](https://www.newsweek.com/former-trump-adviser-roger-stone-arrested-muellers-russia-probe-1304840) | newsweek.com
[Roger Stone Indicted By Mueller Grand Jury](https://talkingpointsmemo.com/muckraker/read-roger-stone-indicted-mueller-witness-tampering-false-statements) | talkingpointsmemo.com
[Trump associate Stone arrested, faces obstruction charge](https://www.yahoo.com/news/trump-associate-stone-arrested-faces-obstruction-charge-113041826--politics.html) | yahoo.com
[Roger Stone, Adviser to Trump, Is Indicted in Mueller Investigation](https://www.nytimes.com/2019/01/25/us/politics/roger-stone-arrested.html) | nytimes.com
[Roger Stone detained for witness tampering](https://www.cbc.ca/news/world/roger-stone-arrested-1.4992492) | cbc.ca
[Roger Stone: Trump ally charged with witness tampering](https://news.sky.com/story/roger-stone-trump-ally-charged-with-witness-tampering-11617158) | news.sky.com
[FBI Arrests Roger Stone](https://www.wptv.com/news/state/fbi-arrests-longtime-donald-trump-associate-roger-stone-in-fort-lauderdale) | wptv.com
[Roger Stone arrested following Mueller indictment](https://www.politico.com/story/2019/01/25/roger-stone-arrested-following-mueller-indictment-1125445) | politico.com
[Video shows FBI at Roger Stone's house - CNN Video](https://edition.cnn.com/videos/politics/2019/01/25/roger-stone-fbi-arrest-vo.cnn) | edition.cnn.com
[Special counselâ€™s office: Trump associate Roger Stone arrested in Florida, charged with witness tampering, other crimes](https://ksby.com/ap-national-news/2019/01/25/special-counsels-office-trump-associate-roger-stone-arrested-in-florida-charged-with-witness-tampering-other-crimes) | ksby.com
[Roger Stone, a longtime Donald Trump associate, arrested and charged with obstruction, witness tampering](https://www.usatoday.com/story/news/politics/2019/01/25/grand-jury-indicts-donald-trump-aide-roger-stone/2675742002/) | usatoday.com
[Trump friend Roger Stone indicted by special counsel](https://www.youtube.com/watch?v=Xpdl_y0A_Q8) | youtube.com
[Read: Roger Stone indictment by federal grand jury](https://www.cnn.com/2019/01/25/politics/read-roger-stone-indictment-fbi/index.html) | cnn.com
[Mueller: Trump campaign officials communicated with Stone on WikiLeaks in 2016](https://thehill.com/policy/national-security/426927-mueller-trump-campaign-officials-communicated-with-stone-on) | thehill.com
[Roger Stone Arrested in Mueller Investigation Into Trump Campaign](https://www.nytimes.com/2019/01/25/us/politics/roger-stone-trump-indictment-arrest.html) | nytimes.com
[Top 10 Takeaways from Robert Muellerâ€™s Explosive Indictment of Roger Stone](https://lawandcrime.com/high-profile/top-10-takeaways-from-robert-muellers-explosive-indictment-of-roger-stone/) | lawandcrime.com
[Roger Stone Indicted in Mueller Probe](http://nymag.com/intelligencer/2019/01/roger-stone-indicted.html) | nymag.com
[Roger Stone arrested on seven charges including obstruction â€“ live updates](https://www.theguardian.com/us-news/live/2019/jan/25/roger-stone-trump-russia-mueller-investigation-latest-live?CMP=Share_AndroidApp_reddit_is_fun) | theguardian.com
[See the Moment FBI Agents Arrested Roger Stone](http://time.com/5513027/roger-stone-arrest-fbi/) | time.com
[Trump Campaign Directed Roger Stone To Find Out When Wikileaks Would Release Damaging Clinton Emails, Mueller Indictment Suggests](https://www.newsweek.com/trump-campaign-directed-roger-stone-wikileaks-1305057) | newsweek.com
[Mueller indicts former Trump campaign adviser Roger Stone on charges of obstruction, false statements, and witness tampering](https://www.businessinsider.com/mueller-indicts-trump-campaign-advisor-roger-stone-2019-1) | businessinsider.com
[Trump's Risk Deepens After Mueller Arrests Longtime Ally Stone](https://www.bloomberg.com/news/articles/2019-01-25/trump-faces-new-risks-as-mueller-arrests-longtime-ally-stone?srnd=premium) | bloomberg.com
[Former Trump campaign chief Paul Manafort in court hours after his ex-business partner Roger Stone is busted in Mueller case](https://www.cnbc.com/2019/01/25/trump-campaign-chief-paul-manafort-in-court-after-roger-stone-arrest.html) | cnbc.com
[â€œI guarantee you you are the one who gets indicted for perjury if youâ€™re stupid enough to testify.â€ - Roger Stone, December 2017](https://www.justice.gov/file/1124706) | justice.gov
[Roger Stone built a 'dirty trickster' image. Now Robert Mueller might build a case on it.](https://us.cnn.com/2018/10/02/politics/roger-stone-mueller-dirty-trickster/index.html) | us.cnn.com
[Roger Stone threatened to steal a therapy dog and told an associate to do a 'Frank Pentangeli' in alleged witness tampering cited by Mueller](https://www.cnbc.com/2019/01/25/roger-stone-threatened-to-steal-a-therapy-dog-and-tampered-with-a-witness-mueller-indictment.html) | cnbc.com
[Roger Stone's stunning indictment is a huge moment in the Russia probe](https://us.cnn.com/2019/01/25/politics/roger-stone-donald-trump/index.html) | us.cnn.com
[Stone is sixth Trump associate charged in special counsel investigation](https://us.cnn.com/2019/01/25/politics/robert-mueller-special-counsel-investigation-trump-associates/index.html) | us.cnn.com
[Roger Stone indicted on 7 charges including obstruction and witness tampering.](https://www.nytimes.com/2019/01/25/us/politics/roger-stone-trump-mueller.html) | nytimes.com","Arrested in the middle of the night like the common criminal that he is. 

Fucking A. ",65947,274,2019-01-25 11:33:39,ajo5lj
politics,Pelosi says Democrats to introduce bill to bring back net neutrality this week,,[removed],65625,110,2019-03-04 20:26:12,axbw4z
politics,AOC Calls for WH Adviser Stephen Miller to Resign After Emails Show He Promoted White Nationalism,,"The entire GOP is the Party of Bigotry and Racism. 

He will probably get a fucking promotion let's not fool ourselves.

Edit: Sort by Controversial for a laugh at these racist pussy incel asshats.",65299,73,2019-11-13 00:53:44,dvjr7e
politics,Yovanovitch gets standing ovation at the end of 5-hour hearing,,The applause drowned out that republican trying to spew shit. Lol,65015,83,2019-11-15 21:09:58,dwwz1p
